player;session;level;action;time;state;timestamp
172672884;1EBE1B46475E96553B935187221C7B81;Densidad_de_Objetos;1;107;"roca_Sprite; 30; Boton volPiedra; Player 0";2020-12-03 01:24:30.081377
172672884;1EBE1B46475E96553B935187221C7B81;Densidad_de_Objetos;1;202;"rocaDiamante_Sprite; 100; Boton volPiedra; Player 0";2020-12-03 01:26:06.004132
172672884;1EBE1B46475E96553B935187221C7B81;Densidad_de_Objetos;1;310;"rocaOro_Sprite; 50; Boton volAcero; Player 0";2020-12-03 01:27:53.559799
172672884;1EBE1B46475E96553B935187221C7B81;Densidad_de_Objetos;1;319;"roca_Sprite; 30; Boton volPiedra; Player 0";2020-12-03 01:28:03.111691
172672884;1EBE1B46475E96553B935187221C7B81;Densidad_de_Objetos;1;329;"rocaDiamante_Sprite; 100; Boton volDiamante; Player 0";2020-12-03 01:28:12.816255
172672884;1EBE1B46475E96553B935187221C7B81;Densidad_de_Objetos;1;361;"rocaAcero_Sprite; 70; Boton volDiamante; Player 0";2020-12-03 01:28:44.977495
172672884;1EBE1B46475E96553B935187221C7B81;Densidad_de_Objetos;1;376;"rocaOro_Sprite; 50; Boton volOro; Player 0";2020-12-03 01:28:59.624352
172672884;1EBE1B46475E96553B935187221C7B81;Densidad_de_Objetos;1;399;"rocaOro_Sprite; 50; Boton volAcero; Player 0";2020-12-03 01:29:22.864414
172672884;B5E821B046054D37C48CB2B44A50617D;Densidad_de_Objetos;1;12;"rocaDiamante_Sprite; 100; Boton volDiamante; Player 0";2020-12-03 01:49:31.048988
172672884;B5E821B046054D37C48CB2B44A50617D;Densidad_de_Objetos;1;17;"roca_Sprite; 30; Boton volPiedra; Player 0";2020-12-03 01:49:36.639918
172672884;B5E821B046054D37C48CB2B44A50617D;Densidad_de_Objetos;1;25;"rocaOro_Sprite; 50; Boton volAcero; Player 0";2020-12-03 01:49:44.698736
172672884;B5E821B046054D37C48CB2B44A50617D;Densidad_de_Objetos;1;66;"rocaAcero_Sprite; 70; Boton volAcero; Player 0";2020-12-03 01:50:25.333805
172672884;B5E821B046054D37C48CB2B44A50617D;Densidad_de_Objetos;1;70;"rocaOro_Sprite; 50; Boton volAcero; Player 0";2020-12-03 01:50:29.142219
172672884;B5E821B046054D37C48CB2B44A50617D;Densidad_de_Objetos;3;76;Final del nivel;2020-12-03 01:50:35.966807
172672884;B5E821B046054D37C48CB2B44A50617D;Densidad_de_Objetos;3;76;Puntaje Total: 13360;2020-12-03 01:51:02.991848
172672884;B5E821B046054D37C48CB2B44A50617D;Union_Interseccion;1;2;"Boton0;Set to TRUE; Player 0";2020-12-03 01:51:43.960978
172672884;B5E821B046054D37C48CB2B44A50617D;Union_Interseccion;1;15;"Boton3;Set to TRUE; Player 1";2020-12-03 01:51:56.769206
172672884;B5E821B046054D37C48CB2B44A50617D;Union_Interseccion;1;17;"Boton2;Set to TRUE; Player 0";2020-12-03 01:51:58.744174
172672884;B5E821B046054D37C48CB2B44A50617D;Union_Interseccion;1;17;"Boton3;Set to TRUE; Player 1";2020-12-03 01:51:59.050086
172672884;B5E821B046054D37C48CB2B44A50617D;Union_Interseccion;1;25;"Boton6;Set to TRUE; Player 1";2020-12-03 01:52:06.587061
172672884;B5E821B046054D37C48CB2B44A50617D;Union_Interseccion;1;27;"Boton7;Set to TRUE; Player 1";2020-12-03 01:52:08.201843
172672884;B5E821B046054D37C48CB2B44A50617D;Union_Interseccion;1;27;"Boton5;Set to TRUE; Player 0";2020-12-03 01:52:08.675467
172672884;B5E821B046054D37C48CB2B44A50617D;Union_Interseccion;1;27;"Boton7;Set to TRUE; Player 1";2020-12-03 01:52:09.050669
172672884;B5E821B046054D37C48CB2B44A50617D;Union_Interseccion;3;27;Final del nivel;2020-12-03 01:52:09.080832
172672884;B5E821B046054D37C48CB2B44A50617D;Union_Interseccion;3;27;Puntaje Total: 38930;2020-12-03 01:52:37.202290
172672884;B5E821B046054D37C48CB2B44A50617D;Velocidad_y_fuerza;1;22;"Resorte2izq; roca_Sprite; 30; Player 1";2020-12-03 01:53:51.588339
172672884;B5E821B046054D37C48CB2B44A50617D;Velocidad_y_fuerza;1;22;"Resorte2izq; roca_Sprite; 30; Player 1";2020-12-03 01:53:51.676620
172672884;B5E821B046054D37C48CB2B44A50617D;Velocidad_y_fuerza;1;31;"Resorte1izq; rocaOro_Sprite; 50; Player 0";2020-12-03 01:54:00.541943
172672884;B5E821B046054D37C48CB2B44A50617D;Velocidad_y_fuerza;1;31;"Resorte1izq; rocaOro_Sprite; 50; Player 1";2020-12-03 01:54:00.542686
172672884;B5E821B046054D37C48CB2B44A50617D;Velocidad_y_fuerza;1;31;"Resorte1izq; rocaOro_Sprite; 50; Player 0";2020-12-03 01:54:00.554094
172672884;B5E821B046054D37C48CB2B44A50617D;Velocidad_y_fuerza;1;31;"Resorte1izq; rocaOro_Sprite; 50; Player 1";2020-12-03 01:54:00.558765
172672884;B5E821B046054D37C48CB2B44A50617D;Velocidad_y_fuerza;1;36;"Resorte1izq; roca_Sprite; 30; Player 0";2020-12-03 01:54:04.843101
172672884;B5E821B046054D37C48CB2B44A50617D;Velocidad_y_fuerza;1;36;"Resorte1izq; roca_Sprite; 30; Player 1";2020-12-03 01:54:04.846830
172672884;B5E821B046054D37C48CB2B44A50617D;Velocidad_y_fuerza;1;36;"Resorte1izq; roca_Sprite; 30; Player 0";2020-12-03 01:54:04.856604
172672884;B5E821B046054D37C48CB2B44A50617D;Velocidad_y_fuerza;1;36;"Resorte1izq; roca_Sprite; 30; Player 1";2020-12-03 01:54:04.860071
172672884;B5E821B046054D37C48CB2B44A50617D;Velocidad_y_fuerza;1;96;"Resorte1der; rocaOro_Sprite; 50; Player 0";2020-12-03 01:55:05.763469
172672884;B5E821B046054D37C48CB2B44A50617D;Velocidad_y_fuerza;1;96;"Resorte1der; rocaOro_Sprite; 50; Player 0";2020-12-03 01:55:06.775084
172672884;B5E821B046054D37C48CB2B44A50617D;Velocidad_y_fuerza;1;108;"Resorte2der; rocaOro_Sprite; 50; Player 1";2020-12-03 01:55:17.550143
172672884;B5E821B046054D37C48CB2B44A50617D;Velocidad_y_fuerza;1;108;"Resorte2der; rocaOro_Sprite; 50; Player 1";2020-12-03 01:55:17.551133
172672884;B5E821B046054D37C48CB2B44A50617D;Velocidad_y_fuerza;1;108;"Resorte2der; rocaOro_Sprite; 50; Player 0";2020-12-03 01:55:17.625709
172672884;B5E821B046054D37C48CB2B44A50617D;Velocidad_y_fuerza;3;108;Final del nivel;2020-12-03 01:55:17.726868
172672884;B5E821B046054D37C48CB2B44A50617D;Velocidad_y_fuerza;1;108;"Resorte2der; rocaOro_Sprite; 50; Player 0";2020-12-03 01:55:18.029701
172672884;B5E821B046054D37C48CB2B44A50617D;Velocidad_y_fuerza;3;108;Puntaje Total: 88720;2020-12-03 01:55:46.403612
172672884;B5E821B046054D37C48CB2B44A50617D;Mirrors_1;1;6;"Palanca_Lever4; Light_source_2; Rotación Total Positiva: 0.0; Rotación Total Negativa: 0.0; Player 0";2020-12-03 01:58:23.959637
172672884;B5E821B046054D37C48CB2B44A50617D;Mirrors_1;1;7;"Palanca_Lever4; Light_source_2; Rotación Total Positiva: 0.0; Rotación Total Negativa: 0.0; Player 0";2020-12-03 01:58:24.780236
172672884;B5E821B046054D37C48CB2B44A50617D;Mirrors_1;1;9;"Palanca_Lever4; Light_source_2; Rotación Total Positiva: 0.0; Rotación Total Negativa: 0.0; Player 0";2020-12-03 01:58:25.834949
172672884;B5E821B046054D37C48CB2B44A50617D;Mirrors_1;1;10;"Palanca_Lever4; Light_source_2; Rotación Total Positiva: 0.0; Rotación Total Negativa: 0.0; Player 0";2020-12-03 01:58:27.132940
172672884;B5E821B046054D37C48CB2B44A50617D;Mirrors_1;1;19;"Palanca_Lever4; Light_source_2; Rotación Total Positiva: 0.0; Rotación Total Negativa: 0.0; Player 0";2020-12-03 01:58:36.791079
172672884;B5E821B046054D37C48CB2B44A50617D;Mirrors_1;1;19;"Palanca_Lever4; Light_source_2; Rotación Total Positiva: 0.0; Rotación Total Negativa: 0.0; Player 0";2020-12-03 01:58:37.208274
172672884;B5E821B046054D37C48CB2B44A50617D;Mirrors_1;1;20;"Palanca_Lever4; Light_source_2; Rotación Total Positiva: 0.0; Rotación Total Negativa: 0.0; Player 0";2020-12-03 01:58:37.263132
172672884;B5E821B046054D37C48CB2B44A50617D;Mirrors_1;1;20;"Palanca_Lever4; Light_source_2; Rotación Total Positiva: 0.0; Rotación Total Negativa: 0.0; Player 0";2020-12-03 01:58:37.812895
172672884;B5E821B046054D37C48CB2B44A50617D;Mirrors_1;1;32;"Palanca_Lever5; Mirror6; Rotación Total Positiva: 0.0; Rotación Total Negativa: 0.0; Player 1";2020-12-03 01:58:49.489483
172672884;B5E821B046054D37C48CB2B44A50617D;Mirrors_1;1;53;"Palanca_Lever4; Light_source_2; Rotación Total Positiva: 49.5; Rotación Total Negativa: -7.0; Player 0";2020-12-03 01:59:10.711177
172672884;B5E821B046054D37C48CB2B44A50617D;Mirrors_1;1;59;"Palanca_Lever5; Mirror6; Rotación Total Positiva: 0.0; Rotación Total Negativa: -5.5; Player 1";2020-12-03 01:59:17.122383
172672884;B5E821B046054D37C48CB2B44A50617D;Mirrors_1;1;66;"Palanca_Lever5; Mirror6; Rotación Total Positiva: 36.0; Rotación Total Negativa: -10.5; Player 1";2020-12-03 01:59:23.145804
172672884;B5E821B046054D37C48CB2B44A50617D;Mirrors_1;1;74;"Palanca_Lever4; Light_source_2; Rotación Total Positiva: 2.0; Rotación Total Negativa: -1.5; Player 0";2020-12-03 01:59:31.554719
172672884;B5E821B046054D37C48CB2B44A50617D;Mirrors_1;1;82;"Palanca_Lever5; Mirror6; Rotación Total Positiva: 6.0; Rotación Total Negativa: -1.0; Player 1";2020-12-03 01:59:39.372570
172672884;B5E821B046054D37C48CB2B44A50617D;Mirrors_1;1;85;"Palanca_Lever6; Mirror3_0; Rotación Total Positiva: 0.0; Rotación Total Negativa: 0.0; Player 0";2020-12-03 01:59:42.211984
172672884;B5E821B046054D37C48CB2B44A50617D;Mirrors_1;1;92;"Palanca_Lever6; Mirror3_0; Rotación Total Positiva: 10.5; Rotación Total Negativa: -27.5; Player 0";2020-12-03 01:59:49.763137
172672884;B5E821B046054D37C48CB2B44A50617D;Mirrors_1;1;93;"Palanca_Lever3; Mirror5; Rotación Total Positiva: 0.0; Rotación Total Negativa: 0.0; Player 0";2020-12-03 01:59:50.793212
172672884;B5E821B046054D37C48CB2B44A50617D;Mirrors_1;1;118;"Palanca_Lever4; Light_source_2; Rotación Total Positiva: 14.0; Rotación Total Negativa: -12.0; Player 0";2020-12-03 02:00:15.522433
172672884;B5E821B046054D37C48CB2B44A50617D;Mirrors_1;1;122;"Palanca_Lever1; Mirror; Rotación Total Positiva: 0.0; Rotación Total Negativa: 0.0; Player 0";2020-12-03 02:00:19.439435
172672884;B5E821B046054D37C48CB2B44A50617D;Mirrors_1;1;129;"Palanca_Lever1; Mirror; Rotación Total Positiva: 15.0; Rotación Total Negativa: 0.0; Player 0";2020-12-03 02:00:26.606009
172672884;B5E821B046054D37C48CB2B44A50617D;Mirrors_1;1;170;"Palanca_Lever4; Light_source_2; Rotación Total Positiva: 64.0; Rotación Total Negativa: -12.5; Player 0";2020-12-03 02:01:07.365872
172672884;B5E821B046054D37C48CB2B44A50617D;Mirrors_1;1;173;"Palanca_Lever4; Light_source_2; Rotación Total Positiva: 2.0; Rotación Total Negativa: -3.5; Player 0";2020-12-03 02:01:10.244109
172672884;B5E821B046054D37C48CB2B44A50617D;Mirrors_1;1;183;"Palanca_Lever3; Mirror5; Rotación Total Positiva: 5.5; Rotación Total Negativa: -42.0; Player 0";2020-12-03 02:01:20.360561
172672884;B5E821B046054D37C48CB2B44A50617D;Mirrors_1;1;195;"Palanca_Lever5; Mirror6; Rotación Total Positiva: 8.5; Rotación Total Negativa: -32.0; Player 1";2020-12-03 02:01:32.773007
172672884;B5E821B046054D37C48CB2B44A50617D;Mirrors_1;1;200;"Palanca_Lever2; Mirror2_2; Rotación Total Positiva: 0.0; Rotación Total Negativa: 0.0; Player 1";2020-12-03 02:01:37.625130
172672884;B5E821B046054D37C48CB2B44A50617D;Mirrors_1;1;208;"Palanca_Lever2; Mirror2_2; Rotación Total Positiva: 11.0; Rotación Total Negativa: -1.5; Player 1";2020-12-03 02:01:45.501972
172672884;B5E821B046054D37C48CB2B44A50617D;Mirrors_1;1;210;"Palanca_Lever2; Mirror2_2; Rotación Total Positiva: 7.0; Rotación Total Negativa: -7.5; Player 1";2020-12-03 02:01:47.786343
172672884;B5E821B046054D37C48CB2B44A50617D;Mirrors_1;1;245;"Palanca_Lever4; Light_source_2; Rotación Total Positiva: 10.5; Rotación Total Negativa: -60.5; Player 0";2020-12-03 02:02:22.481563
172672884;B5E821B046054D37C48CB2B44A50617D;Mirrors_1;1;246;"Palanca_Lever4; Light_source_2; Rotación Total Positiva: 3.0; Rotación Total Negativa: -0.5; Player 0";2020-12-03 02:02:23.080211
172672884;B5E821B046054D37C48CB2B44A50617D;Mirrors_1;1;247;"Palanca_Lever4; Light_source_2; Rotación Total Positiva: 1.5; Rotación Total Negativa: -2.5; Player 0";2020-12-03 02:02:24.516952
172672884;B5E821B046054D37C48CB2B44A50617D;Mirrors_1;1;260;"Palanca_Lever1; Mirror; Rotación Total Positiva: 5.5; Rotación Total Negativa: -56.5; Player 0";2020-12-03 02:02:38.094796
172672884;B5E821B046054D37C48CB2B44A50617D;Mirrors_1;1;279;"Palanca_Lever3; Mirror5; Rotación Total Positiva: 31.5; Rotación Total Negativa: -51.5; Player 0";2020-12-03 02:02:56.724750
172672884;B5E821B046054D37C48CB2B44A50617D;Mirrors_1;1;279;"Palanca_Lever3; Mirror5; Rotación Total Positiva: 4.0; Rotación Total Negativa: 0.0; Player 0";2020-12-03 02:02:57.143621
172672884;B5E821B046054D37C48CB2B44A50617D;Mirrors_1;1;297;"Palanca_Lever3; Mirror5; Rotación Total Positiva: 15.5; Rotación Total Negativa: -143.0; Player 0";2020-12-03 02:03:15.472063
172672884;B5E821B046054D37C48CB2B44A50617D;Mirrors_1;1;308;"Palanca_Lever6; Mirror3_0; Rotación Total Positiva: 9.5; Rotación Total Negativa: -11.5; Player 0";2020-12-03 02:03:26.123119
172672884;B5E821B046054D37C48CB2B44A50617D;Mirrors_1;1;333;"Palanca_Lever4; Light_source_2; Rotación Total Positiva: 9.5; Rotación Total Negativa: -9.5; Player 0";2020-12-03 02:03:50.949259
172672884;B5E821B046054D37C48CB2B44A50617D;Mirrors_1;1;401;"Palanca_Lever3; Mirror5; Rotación Total Positiva: 52.5; Rotación Total Negativa: -15.5; Player 0";2020-12-03 02:04:59.143698
172672884;B5E821B046054D37C48CB2B44A50617D;Mirrors_1;1;418;"Palanca_Lever3; Mirror5; Rotación Total Positiva: 7.5; Rotación Total Negativa: -43.5; Player 0";2020-12-03 02:05:15.276609
172672884;B5E821B046054D37C48CB2B44A50617D;Mirrors_1;1;421;"Palanca_Lever7; Mirror4_3; Rotación Total Positiva: 0.0; Rotación Total Negativa: 0.0; Player 1";2020-12-03 02:05:17.943462
172672884;B5E821B046054D37C48CB2B44A50617D;Mirrors_1;1;433;"Palanca_Lever7; Mirror4_3; Rotación Total Positiva: 25.5; Rotación Total Negativa: -21.5; Player 1";2020-12-03 02:05:30.847376
172672884;B5E821B046054D37C48CB2B44A50617D;Mirrors_1;1;454;"Palanca_Lever7; Mirror4_3; Rotación Total Positiva: 88.0; Rotación Total Negativa: -93.5; Player 1";2020-12-03 02:05:51.764652
172672884;B5E821B046054D37C48CB2B44A50617D;Mirrors_1;1;458;"Palanca_Lever6; Mirror3_0; Rotación Total Positiva: 1.5; Rotación Total Negativa: 0.0; Player 0";2020-12-03 02:05:55.915476
172672884;B5E821B046054D37C48CB2B44A50617D;Mirrors_1;1;484;"Palanca_Lever5; Mirror6; Rotación Total Positiva: 17.5; Rotación Total Negativa: -193.5; Player 1";2020-12-03 02:06:22.309064
172672884;B5E821B046054D37C48CB2B44A50617D;Mirrors_1;1;485;"Palanca_Lever5; Mirror6; Rotación Total Positiva: 0.0; Rotación Total Negativa: -0.5; Player 1";2020-12-03 02:06:22.764948
172672884;B5E821B046054D37C48CB2B44A50617D;Mirrors_1;1;487;"Palanca_Lever5; Mirror6; Rotación Total Positiva: 9.5; Rotación Total Negativa: 0.0; Player 1";2020-12-03 02:06:23.995273
172672884;B5E821B046054D37C48CB2B44A50617D;Mirrors_1;1;510;"Palanca_Lever5; Mirror6; Rotación Total Positiva: 5.5; Rotación Total Negativa: -123.0; Player 1";2020-12-03 02:06:48.164986
172672884;B5E821B046054D37C48CB2B44A50617D;Mirrors_1;1;516;"Palanca_Lever5; Mirror6; Rotación Total Positiva: 0.0; Rotación Total Negativa: -50.0; Player 1";2020-12-03 02:06:53.054429
172672884;B5E821B046054D37C48CB2B44A50617D;Mirrors_1;1;516;"Palanca_Lever5; Mirror6; Rotación Total Positiva: 0.0; Rotación Total Negativa: -3.0; Player 1";2020-12-03 02:06:53.649021
172672884;B5E821B046054D37C48CB2B44A50617D;Mirrors_1;1;518;"Palanca_Lever5; Mirror6; Rotación Total Positiva: 0.0; Rotación Total Negativa: -17.0; Player 1";2020-12-03 02:06:55.650220
172672884;B5E821B046054D37C48CB2B44A50617D;Mirrors_1;1;519;"Palanca_Lever5; Mirror6; Rotación Total Positiva: 6.5; Rotación Total Negativa: -0.5; Player 1";2020-12-03 02:06:56.678341
172672884;B5E821B046054D37C48CB2B44A50617D;Mirrors_1;1;523;"Palanca_Lever7; Mirror4_3; Rotación Total Positiva: 3.5; Rotación Total Negativa: 0.0; Player 1";2020-12-03 02:07:00.298487
172672884;B5E821B046054D37C48CB2B44A50617D;Mirrors_1;1;524;"Palanca_Lever7; Mirror4_3; Rotación Total Positiva: 0.5; Rotación Total Negativa: -1.5; Player 1";2020-12-03 02:07:01.000916
172672884;B5E821B046054D37C48CB2B44A50617D;Mirrors_1;1;530;"Palanca_Lever6; Mirror3_0; Rotación Total Positiva: 1.5; Rotación Total Negativa: 0.0; Player 0";2020-12-03 02:07:08.350493
172672884;B5E821B046054D37C48CB2B44A50617D;Mirrors_1;1;531;"Palanca_Lever6; Mirror3_0; Rotación Total Positiva: 0.5; Rotación Total Negativa: -3.0; Player 0";2020-12-03 02:07:08.748726
172672884;B5E821B046054D37C48CB2B44A50617D;Mirrors_1;1;537;"Palanca_Lever7; Mirror4_3; Rotación Total Positiva: 8.5; Rotación Total Negativa: -0.5; Player 1";2020-12-03 02:07:14.925486
172672884;B5E821B046054D37C48CB2B44A50617D;Mirrors_1;1;541;"Palanca_Lever7; Mirror4_3; Rotación Total Positiva: 2.0; Rotación Total Negativa: -30.0; Player 1";2020-12-03 02:07:18.032346
172672884;B5E821B046054D37C48CB2B44A50617D;Mirrors_1;1;542;"Palanca_Lever6; Mirror3_0; Rotación Total Positiva: 1.5; Rotación Total Negativa: -0.5; Player 0";2020-12-03 02:07:19.362109
172672884;B5E821B046054D37C48CB2B44A50617D;Mirrors_1;1;543;"Palanca_Lever6; Mirror3_0; Rotación Total Positiva: 0.5; Rotación Total Negativa: -1.0; Player 0";2020-12-03 02:07:20.120843
172672884;B5E821B046054D37C48CB2B44A50617D;Mirrors_1;1;544;"Palanca_Lever6; Mirror3_0; Rotación Total Positiva: 0.5; Rotación Total Negativa: -0.5; Player 0";2020-12-03 02:07:21.014631
172672884;B5E821B046054D37C48CB2B44A50617D;Mirrors_1;1;547;"Palanca_Lever7; Mirror4_3; Rotación Total Positiva: 17.0; Rotación Total Negativa: -0.5; Player 1";2020-12-03 02:07:24.280246
172672884;B5E821B046054D37C48CB2B44A50617D;Mirrors_1;1;547;"Palanca_Lever7; Mirror4_3; Rotación Total Positiva: 1.5; Rotación Total Negativa: 0.0; Player 1";2020-12-03 02:07:24.802428
172672884;B5E821B046054D37C48CB2B44A50617D;Mirrors_1;1;577;"Palanca_Lever3; Mirror5; Rotación Total Positiva: 79.0; Rotación Total Negativa: -80.0; Player 0";2020-12-03 02:07:55.038159
172672884;B5E821B046054D37C48CB2B44A50617D;Mirrors_1;1;584;"Palanca_Lever7; Mirror4_3; Rotación Total Positiva: 3.0; Rotación Total Negativa: -3.0; Player 0";2020-12-03 02:08:02.016194
172672884;B5E821B046054D37C48CB2B44A50617D;Mirrors_1;1;593;"Palanca_Lever6; Mirror3_0; Rotación Total Positiva: 6.5; Rotación Total Negativa: -8.0; Player 0";2020-12-03 02:08:10.418123
172672884;B5E821B046054D37C48CB2B44A50617D;Mirrors_1;1;602;"Palanca_Lever5; Mirror6; Rotación Total Positiva: 4.5; Rotación Total Negativa: 0.0; Player 1";2020-12-03 02:08:20.226136
172672884;B5E821B046054D37C48CB2B44A50617D;Mirrors_1;1;604;"Palanca_Lever5; Mirror6; Rotación Total Positiva: 0.5; Rotación Total Negativa: -17.0; Player 1";2020-12-03 02:08:21.653048
172672884;B5E821B046054D37C48CB2B44A50617D;Mirrors_1;1;617;"Palanca_Lever5; Mirror6; Rotación Total Positiva: 30.5; Rotación Total Negativa: -81.0; Player 1";2020-12-03 02:08:34.497271
172672884;B5E821B046054D37C48CB2B44A50617D;Mirrors_1;1;627;"Palanca_Lever1; Mirror; Rotación Total Positiva: 4.0; Rotación Total Negativa: 0.0; Player 0";2020-12-03 02:08:44.476230
172672884;B5E821B046054D37C48CB2B44A50617D;Mirrors_1;1;628;"Palanca_Lever1; Mirror; Rotación Total Positiva: 3.5; Rotación Total Negativa: -9.0; Player 0";2020-12-03 02:08:45.708570
172672884;B5E821B046054D37C48CB2B44A50617D;Mirrors_1;1;629;"Palanca_Lever1; Mirror; Rotación Total Positiva: 3.5; Rotación Total Negativa: -2.0; Player 0";2020-12-03 02:08:46.901783
172672884;B5E821B046054D37C48CB2B44A50617D;Mirrors_1;1;633;"Palanca_Lever4; Light_source_2; Rotación Total Positiva: 0.0; Rotación Total Negativa: -2.0; Player 0";2020-12-03 02:08:50.168780
172672884;B5E821B046054D37C48CB2B44A50617D;Mirrors_1;1;641;"Palanca_Lever4; Light_source_2; Rotación Total Positiva: 0.0; Rotación Total Negativa: -83.5; Player 0";2020-12-03 02:08:59.324117
172672884;B5E821B046054D37C48CB2B44A50617D;Mirrors_1;1;652;"Palanca_Lever5; Mirror6; Rotación Total Positiva: 47.0; Rotación Total Negativa: 0.0; Player 0";2020-12-03 02:09:09.981696
172672884;B5E821B046054D37C48CB2B44A50617D;Mirrors_1;1;654;"Palanca_Lever5; Mirror6; Rotación Total Positiva: 15.0; Rotación Total Negativa: 0.0; Player 0";2020-12-03 02:09:11.330153
172672884;B5E821B046054D37C48CB2B44A50617D;Mirrors_1;1;667;"Palanca_Lever6; Mirror3_0; Rotación Total Positiva: 41.0; Rotación Total Negativa: -34.0; Player 0";2020-12-03 02:09:24.924286
172672884;B5E821B046054D37C48CB2B44A50617D;Mirrors_1;1;674;"Palanca_Lever5; Mirror6; Rotación Total Positiva: 5.5; Rotación Total Negativa: 0.0; Player 1";2020-12-03 02:09:32.034464
172672884;B5E821B046054D37C48CB2B44A50617D;Mirrors_1;1;675;"Palanca_Lever5; Mirror6; Rotación Total Positiva: 0.5; Rotación Total Negativa: -3.5; Player 1";2020-12-03 02:09:32.517310
172672884;B5E821B046054D37C48CB2B44A50617D;Mirrors_1;1;675;"Palanca_Lever5; Mirror6; Rotación Total Positiva: 2.5; Rotación Total Negativa: -0.5; Player 1";2020-12-03 02:09:32.775731
172672884;B5E821B046054D37C48CB2B44A50617D;Mirrors_1;1;681;"Palanca_Lever2; Mirror2_2; Rotación Total Positiva: 6.0; Rotación Total Negativa: -3.0; Player 1";2020-12-03 02:09:38.340059
172672884;B5E821B046054D37C48CB2B44A50617D;Mirrors_1;1;707;"Palanca_Lever5; Mirror6; Rotación Total Positiva: 196.0; Rotación Total Negativa: -35.0; Player 1";2020-12-03 02:10:04.736757
172672884;B5E821B046054D37C48CB2B44A50617D;Mirrors_1;1;708;"Palanca_Lever5; Mirror6; Rotación Total Positiva: 0.5; Rotación Total Negativa: -11.0; Player 1";2020-12-03 02:10:05.424066
172672884;B5E821B046054D37C48CB2B44A50617D;Mirrors_1;1;709;"Palanca_Lever5; Mirror6; Rotación Total Positiva: 6.5; Rotación Total Negativa: 0.0; Player 1";2020-12-03 02:10:06.282678
172672884;B5E821B046054D37C48CB2B44A50617D;Mirrors_1;1;709;"Palanca_Lever5; Mirror6; Rotación Total Positiva: 0.0; Rotación Total Negativa: -3.5; Player 1";2020-12-03 02:10:06.803896
172672884;B5E821B046054D37C48CB2B44A50617D;Mirrors_1;1;716;"Palanca_Lever4; Light_source_2; Rotación Total Positiva: 3.0; Rotación Total Negativa: 0.0; Player 1";2020-12-03 02:10:14.004182
172672884;B5E821B046054D37C48CB2B44A50617D;Mirrors_1;1;726;"Palanca_Lever2; Mirror2_2; Rotación Total Positiva: 2.5; Rotación Total Negativa: 0.0; Player 1";2020-12-03 02:10:23.765888
172672884;B5E821B046054D37C48CB2B44A50617D;Mirrors_1;1;728;"Palanca_Lever2; Mirror2_2; Rotación Total Positiva: 0.0; Rotación Total Negativa: -20.5; Player 1";2020-12-03 02:10:25.702552
172672884;B5E821B046054D37C48CB2B44A50617D;Mirrors_1;1;729;"Palanca_Lever2; Mirror2_2; Rotación Total Positiva: 4.5; Rotación Total Negativa: 0.0; Player 1";2020-12-03 02:10:26.327477
172672884;B5E821B046054D37C48CB2B44A50617D;Mirrors_1;1;734;"Palanca_Lever4; Light_source_2; Rotación Total Positiva: 3.0; Rotación Total Negativa: 0.0; Player 1";2020-12-03 02:10:32.180723
172672884;B5E821B046054D37C48CB2B44A50617D;Mirrors_1;1;735;"Palanca_Lever4; Light_source_2; Rotación Total Positiva: 0.5; Rotación Total Negativa: -6.0; Player 1";2020-12-03 02:10:32.979719
172672884;B5E821B046054D37C48CB2B44A50617D;Mirrors_1;1;739;"Palanca_Lever4; Light_source_2; Rotación Total Positiva: 2.0; Rotación Total Negativa: 0.0; Player 1";2020-12-03 02:10:36.395473
172672884;B5E821B046054D37C48CB2B44A50617D;Mirrors_1;1;740;"Palanca_Lever4; Light_source_2; Rotación Total Positiva: 0.5; Rotación Total Negativa: -6.5; Player 1";2020-12-03 02:10:37.288742
172672884;B5E821B046054D37C48CB2B44A50617D;Mirrors_1;1;740;"Palanca_Lever4; Light_source_2; Rotación Total Positiva: 0.0; Rotación Total Negativa: -1.5; Player 1";2020-12-03 02:10:37.841900
172672884;B5E821B046054D37C48CB2B44A50617D;Mirrors_1;1;741;"Palanca_Lever4; Light_source_2; Rotación Total Positiva: 0.0; Rotación Total Negativa: -1.0; Player 1";2020-12-03 02:10:38.865795
172672884;B5E821B046054D37C48CB2B44A50617D;Mirrors_1;1;742;"Palanca_Lever4; Light_source_2; Rotación Total Positiva: 1.5; Rotación Total Negativa: -0.5; Player 1";2020-12-03 02:10:39.257945
172672884;B5E821B046054D37C48CB2B44A50617D;Mirrors_1;1;749;"Palanca_Lever7; Mirror4_3; Rotación Total Positiva: 2.5; Rotación Total Negativa: 0.0; Player 1";2020-12-03 02:10:46.996792
172672884;B5E821B046054D37C48CB2B44A50617D;Mirrors_1;1;750;"Palanca_Lever7; Mirror4_3; Rotación Total Positiva: 2.0; Rotación Total Negativa: 0.0; Player 1";2020-12-03 02:10:47.549117
172672884;B5E821B046054D37C48CB2B44A50617D;Mirrors_1;1;750;"Palanca_Lever7; Mirror4_3; Rotación Total Positiva: 0.5; Rotación Total Negativa: 0.0; Player 1";2020-12-03 02:10:48.038145
172672884;B5E821B046054D37C48CB2B44A50617D;Mirrors_1;1;751;"Palanca_Lever7; Mirror4_3; Rotación Total Positiva: 1.0; Rotación Total Negativa: 0.0; Player 1";2020-12-03 02:10:48.558290
172672884;B5E821B046054D37C48CB2B44A50617D;Mirrors_1;1;751;"Palanca_Lever7; Mirror4_3; Rotación Total Positiva: 0.5; Rotación Total Negativa: -1.0; Player 1";2020-12-03 02:10:49.022769
172672884;B5E821B046054D37C48CB2B44A50617D;Mirrors_1;1;756;"Palanca_Lever6; Mirror3_0; Rotación Total Positiva: 4.5; Rotación Total Negativa: 0.0; Player 0";2020-12-03 02:10:53.123151
172672884;B5E821B046054D37C48CB2B44A50617D;Mirrors_1;1;760;"Palanca_Lever6; Mirror3_0; Rotación Total Positiva: 3.5; Rotación Total Negativa: -23.0; Player 0";2020-12-03 02:10:57.278549
172672884;B5E821B046054D37C48CB2B44A50617D;Mirrors_1;3;764;Final del nivel;2020-12-03 02:11:01.896628
172672884;B5E821B046054D37C48CB2B44A50617D;Mirrors_1;3;764;Puntaje Total: 152540;2020-12-03 02:11:39.045241
172672884;DB5C261241E0438F8E40B69FCD69C2A6;Densidad_de_Objetos;1;31;"rocaOro_Sprite; 50; Boton volOro; Player 0";2020-12-03 01:33:02.793402
172672884;DB5C261241E0438F8E40B69FCD69C2A6;Densidad_de_Objetos;1;74;"rocaAcero_Sprite; 70; Boton volAcero; Player 0";2020-12-03 01:33:45.306151
172672884;DB5C261241E0438F8E40B69FCD69C2A6;Densidad_de_Objetos;1;105;"rocaDiamante_Sprite; 100; Boton volDiamante; Player 0";2020-12-03 01:34:17.294648
172672884;DB5C261241E0438F8E40B69FCD69C2A6;Densidad_de_Objetos;1;114;"roca_Sprite; 30; Boton volPiedra; Player 0";2020-12-03 01:34:25.701934
172672884;DB5C261241E0438F8E40B69FCD69C2A6;Densidad_de_Objetos;3;122;Final del nivel;2020-12-03 01:34:33.304244
172672884;DB5C261241E0438F8E40B69FCD69C2A6;Densidad_de_Objetos;3;122;Puntaje Total: 13740;2020-12-03 01:35:15.981055
172672884;DB5C261241E0438F8E40B69FCD69C2A6;Union_Interseccion;1;8;"Boton0;Set to TRUE; Player 0";2020-12-03 01:37:13.366156
172672884;DB5C261241E0438F8E40B69FCD69C2A6;Union_Interseccion;1;25;"Boton2;Set to TRUE; Player 0";2020-12-03 01:37:30.605406
172672884;DB5C261241E0438F8E40B69FCD69C2A6;Union_Interseccion;1;28;"Boton2;Set to TRUE; Player 0";2020-12-03 01:37:32.904531
172672884;DB5C261241E0438F8E40B69FCD69C2A6;Union_Interseccion;1;28;"Boton3;Set to TRUE; Player 1";2020-12-03 01:37:33.220036
172672884;DB5C261241E0438F8E40B69FCD69C2A6;Union_Interseccion;1;52;"Boton4;Set to TRUE; Player 1";2020-12-03 01:37:58.051894
172672884;DB5C261241E0438F8E40B69FCD69C2A6;Union_Interseccion;1;57;"Boton4;Set to TRUE; Player 1";2020-12-03 01:38:01.888591
172672884;DB5C261241E0438F8E40B69FCD69C2A6;Union_Interseccion;1;57;"Boton6;Set to TRUE; Player 0";2020-12-03 01:38:02.296124
172672884;DB5C261241E0438F8E40B69FCD69C2A6;Union_Interseccion;1;59;"Boton4;Set to FALSE; Player 1";2020-12-03 01:38:04.465679
172672884;DB5C261241E0438F8E40B69FCD69C2A6;Union_Interseccion;1;59;"Boton6;Set to FALSE; Player 0";2020-12-03 01:38:04.467056
172672884;DB5C261241E0438F8E40B69FCD69C2A6;Union_Interseccion;1;61;"Boton7;Set to TRUE; Player 0";2020-12-03 01:38:06.712672
172672884;DB5C261241E0438F8E40B69FCD69C2A6;Union_Interseccion;1;61;"Boton4;Set to TRUE; Player 1";2020-12-03 01:38:06.713901
172672884;DB5C261241E0438F8E40B69FCD69C2A6;Union_Interseccion;1;64;"Boton4;Set to FALSE; Player 1";2020-12-03 01:38:09.619806
172672884;DB5C261241E0438F8E40B69FCD69C2A6;Union_Interseccion;1;64;"Boton7;Set to FALSE; Player 0";2020-12-03 01:38:09.626161
172672884;DB5C261241E0438F8E40B69FCD69C2A6;Union_Interseccion;1;66;"Boton5;Set to TRUE; Player 1";2020-12-03 01:38:11.196334
172672884;DB5C261241E0438F8E40B69FCD69C2A6;Union_Interseccion;1;66;"Boton7;Set to TRUE; Player 0";2020-12-03 01:38:11.197667
172672884;DB5C261241E0438F8E40B69FCD69C2A6;Union_Interseccion;1;67;"Boton7;Set to FALSE; Player 0";2020-12-03 01:38:12.527410
172672884;DB5C261241E0438F8E40B69FCD69C2A6;Union_Interseccion;1;67;"Boton5;Set to FALSE; Player 1";2020-12-03 01:38:12.532934
172672884;DB5C261241E0438F8E40B69FCD69C2A6;Union_Interseccion;1;70;"Boton6;Set to TRUE; Player 1";2020-12-03 01:38:15.271816
172672884;DB5C261241E0438F8E40B69FCD69C2A6;Union_Interseccion;1;70;"Boton7;Set to TRUE; Player 0";2020-12-03 01:38:15.273150
172672884;DB5C261241E0438F8E40B69FCD69C2A6;Union_Interseccion;1;72;"Boton6;Set to FALSE; Player 1";2020-12-03 01:38:17.279648
172672884;DB5C261241E0438F8E40B69FCD69C2A6;Union_Interseccion;1;72;"Boton7;Set to FALSE; Player 0";2020-12-03 01:38:17.285575
172672884;DB5C261241E0438F8E40B69FCD69C2A6;Union_Interseccion;1;74;"Boton6;Set to FALSE; Player 1";2020-12-03 01:38:19.385575
172672884;DB5C261241E0438F8E40B69FCD69C2A6;Union_Interseccion;1;74;"Boton7;Set to FALSE; Player 0";2020-12-03 01:38:19.386919
172672884;DB5C261241E0438F8E40B69FCD69C2A6;Union_Interseccion;1;77;"Boton5;Set to TRUE; Player 0";2020-12-03 01:38:22.288583
172672884;DB5C261241E0438F8E40B69FCD69C2A6;Union_Interseccion;1;77;"Boton6;Set to TRUE; Player 1";2020-12-03 01:38:22.294845
172672884;DB5C261241E0438F8E40B69FCD69C2A6;Union_Interseccion;1;80;"Boton5;Set to FALSE; Player 0";2020-12-03 01:38:24.963425
172672884;DB5C261241E0438F8E40B69FCD69C2A6;Union_Interseccion;1;80;"Boton6;Set to FALSE; Player 1";2020-12-03 01:38:24.964887
172672884;DB5C261241E0438F8E40B69FCD69C2A6;Union_Interseccion;1;81;"Boton5;Set to TRUE; Player 0";2020-12-03 01:38:26.265058
172672884;DB5C261241E0438F8E40B69FCD69C2A6;Union_Interseccion;1;81;"Boton6;Set to TRUE; Player 1";2020-12-03 01:38:26.270666
172672884;DB5C261241E0438F8E40B69FCD69C2A6;Union_Interseccion;1;87;"Boton5;Set to FALSE; Player 0";2020-12-03 01:38:32.148013
172672884;DB5C261241E0438F8E40B69FCD69C2A6;Union_Interseccion;1;87;"Boton6;Set to FALSE; Player 1";2020-12-03 01:38:32.205453
172672884;DB5C261241E0438F8E40B69FCD69C2A6;Union_Interseccion;1;89;"Boton4;Set to TRUE; Player 0";2020-12-03 01:38:33.841204
172672884;DB5C261241E0438F8E40B69FCD69C2A6;Union_Interseccion;1;89;"Boton6;Set to TRUE; Player 1";2020-12-03 01:38:33.842676
172672884;DB5C261241E0438F8E40B69FCD69C2A6;Union_Interseccion;1;90;"Boton5;Set to TRUE; Player 0";2020-12-03 01:38:35.681681
172672884;DB5C261241E0438F8E40B69FCD69C2A6;Union_Interseccion;1;90;"Boton6;Set to TRUE; Player 1";2020-12-03 01:38:35.685092
172672884;DB5C261241E0438F8E40B69FCD69C2A6;Union_Interseccion;1;94;"Boton6;Set to FALSE; Player 1";2020-12-03 01:38:39.434308
172672884;DB5C261241E0438F8E40B69FCD69C2A6;Union_Interseccion;1;94;"Boton5;Set to FALSE; Player 0";2020-12-03 01:38:39.435079
172672884;DB5C261241E0438F8E40B69FCD69C2A6;Union_Interseccion;1;99;"Boton6;Set to TRUE; Player 1";2020-12-03 01:38:44.172900
172672884;DB5C261241E0438F8E40B69FCD69C2A6;Union_Interseccion;1;101;"Boton6;Set to FALSE; Player 1";2020-12-03 01:38:46.033326
172672884;DB5C261241E0438F8E40B69FCD69C2A6;Union_Interseccion;1;102;"Boton7;Set to TRUE; Player 1";2020-12-03 01:38:47.736733
172672884;DB5C261241E0438F8E40B69FCD69C2A6;Union_Interseccion;1;104;"Boton7;Set to FALSE; Player 1";2020-12-03 01:38:49.334687
172672884;DB5C261241E0438F8E40B69FCD69C2A6;Union_Interseccion;1;109;"Boton5;Set to TRUE; Player 1";2020-12-03 01:38:53.915846
172672884;DB5C261241E0438F8E40B69FCD69C2A6;Union_Interseccion;1;111;"Boton5;Set to FALSE; Player 0";2020-12-03 01:38:56.289339
172672884;DB5C261241E0438F8E40B69FCD69C2A6;Union_Interseccion;1;115;"Boton4;Set to FALSE; Player 1";2020-12-03 01:39:00.741493
172672884;DB5C261241E0438F8E40B69FCD69C2A6;Union_Interseccion;1;115;"Boton5;Set to FALSE; Player 0";2020-12-03 01:39:01.163566
172672884;DB5C261241E0438F8E40B69FCD69C2A6;Union_Interseccion;1;117;"Boton5;Set to TRUE; Player 0";2020-12-03 01:39:02.179805
172672884;DB5C261241E0438F8E40B69FCD69C2A6;Union_Interseccion;1;117;"Boton4;Set to TRUE; Player 1";2020-12-03 01:39:02.181160
172672884;DB5C261241E0438F8E40B69FCD69C2A6;Union_Interseccion;1;118;"Boton4;Set to FALSE; Player 1";2020-12-03 01:39:03.381043
172672884;DB5C261241E0438F8E40B69FCD69C2A6;Union_Interseccion;1;118;"Boton5;Set to FALSE; Player 0";2020-12-03 01:39:03.386921
172672884;DB5C261241E0438F8E40B69FCD69C2A6;Union_Interseccion;1;127;"Boton6;Set to TRUE; Player 0";2020-12-03 01:39:12.577312
172672884;DB5C261241E0438F8E40B69FCD69C2A6;Union_Interseccion;1;129;"Boton5;Set to TRUE; Player 0";2020-12-03 01:39:14.015772
172672884;DB5C261241E0438F8E40B69FCD69C2A6;Union_Interseccion;1;132;"Boton7;Set to TRUE; Player 0";2020-12-03 01:39:17.598301
172672884;DB5C261241E0438F8E40B69FCD69C2A6;Union_Interseccion;3;132;Final del nivel;2020-12-03 01:39:17.914143
172672884;DB5C261241E0438F8E40B69FCD69C2A6;Union_Interseccion;3;132;Puntaje Total: 35300;2020-12-03 01:40:03.106206
172672884;DB5C261241E0438F8E40B69FCD69C2A6;Velocidad_y_fuerza;1;83;"Resorte1izq; rocaOro_Sprite; 50; Player 0";2020-12-03 01:43:37.804223
172672884;DB5C261241E0438F8E40B69FCD69C2A6;Velocidad_y_fuerza;1;83;"Resorte1izq; rocaOro_Sprite; 50; Player 0";2020-12-03 01:43:37.886528
172672884;DB5C261241E0438F8E40B69FCD69C2A6;Velocidad_y_fuerza;1;218;"Resorte2izq; roca_Sprite; 30; Player 1";2020-12-03 01:45:52.159608
172672884;DB5C261241E0438F8E40B69FCD69C2A6;Velocidad_y_fuerza;1;218;"Resorte2izq; roca_Sprite; 30; Player 1";2020-12-03 01:45:52.221186
172672884;DB5C261241E0438F8E40B69FCD69C2A6;Velocidad_y_fuerza;1;233;"Resorte1izq; roca_Sprite; 30; Player 1";2020-12-03 01:46:07.583899
172672884;DB5C261241E0438F8E40B69FCD69C2A6;Velocidad_y_fuerza;1;233;"Resorte1izq; roca_Sprite; 30; Player 0";2020-12-03 01:46:07.584939
172672884;DB5C261241E0438F8E40B69FCD69C2A6;Velocidad_y_fuerza;1;233;"Resorte1izq; roca_Sprite; 30; Player 0";2020-12-03 01:46:08.003110
172672884;DB5C261241E0438F8E40B69FCD69C2A6;Velocidad_y_fuerza;1;233;"Resorte1izq; roca_Sprite; 30; Player 1";2020-12-03 01:46:08.031382
191147499;553D85514F6C18164F2854A6D1A9C4EB;Densidad_de_Objetos;1;17;"rocaOro_Sprite; 50; Boton volAcero; Player 0";2020-11-24 14:12:07.495557
191147499;553D85514F6C18164F2854A6D1A9C4EB;Densidad_de_Objetos;1;35;"rocaAcero_Sprite; 70; Boton volOro; Player 0";2020-11-24 14:14:22.897135
191147499;553D85514F6C18164F2854A6D1A9C4EB;Densidad_de_Objetos;1;49;"roca_Sprite; 30; Boton volPiedra; Player 0";2020-11-24 14:16:03.043172
191147499;553D85514F6C18164F2854A6D1A9C4EB;Densidad_de_Objetos;1;57;"rocaDiamante_Sprite; 100; Boton volDiamante; Player 0";2020-11-24 14:16:58.401783
191147499;553D85514F6C18164F2854A6D1A9C4EB;Densidad_de_Objetos;1;90;"rocaOro_Sprite; 50; Boton volOro; Player 0";2020-11-24 14:20:56.782134
191147499;553D85514F6C18164F2854A6D1A9C4EB;Densidad_de_Objetos;1;134;"rocaAcero_Sprite; 70; Boton volPiedra; Player 0";2020-11-24 14:26:10.448480
191147499;98301ED0441B6559E8B8BEBF10879B30;Densidad_de_Objetos;3;5;Final del nivel;2020-11-26 13:42:05.697566
191147499;98301ED0441B6559E8B8BEBF10879B30;Densidad_de_Objetos;3;5;Puntaje Total: 12730;2020-11-26 13:43:16.331667
191147499;98301ED0441B6559E8B8BEBF10879B30;Union_Interseccion;1;1;"Boton0;Set to TRUE; Player 0";2020-11-26 13:43:46.396309
191147499;98301ED0441B6559E8B8BEBF10879B30;Union_Interseccion;1;6;"Boton2;Set to TRUE; Player 0";2020-11-26 13:44:23.940137
191147499;98301ED0441B6559E8B8BEBF10879B30;Union_Interseccion;1;8;"Boton3;Set to TRUE; Player 1";2020-11-26 13:44:34.591734
191147499;98301ED0441B6559E8B8BEBF10879B30;Union_Interseccion;1;12;"Boton5;Set to TRUE; Player 0";2020-11-26 13:45:03.281857
191147499;98301ED0441B6559E8B8BEBF10879B30;Union_Interseccion;1;13;"Boton6;Set to TRUE; Player 0";2020-11-26 13:45:07.300290
191147499;98301ED0441B6559E8B8BEBF10879B30;Union_Interseccion;1;14;"Boton7;Set to TRUE; Player 1";2020-11-26 13:45:13.650988
191147499;98301ED0441B6559E8B8BEBF10879B30;Union_Interseccion;3;14;Final del nivel;2020-11-26 13:45:13.873937
191147499;98301ED0441B6559E8B8BEBF10879B30;Union_Interseccion;3;14;Puntaje Total: 37620;2020-11-26 13:46:23.081702
193167357;7D5142734E79615B44709D98F4DB2420;Densidad_de_Objetos;1;216;"roca_Sprite; 30; Boton volPiedra; Player 1";2020-11-30 22:10:59.670638
193167357;7D5142734E79615B44709D98F4DB2420;Densidad_de_Objetos;1;263;"rocaDiamante_Sprite; 100; Boton volDiamante; Player 1";2020-11-30 22:12:14.624388
193167357;7D5142734E79615B44709D98F4DB2420;Densidad_de_Objetos;1;300;"rocaOro_Sprite; 50; Boton volOro; Player 0";2020-11-30 22:13:11.049575
193167357;7D5142734E79615B44709D98F4DB2420;Densidad_de_Objetos;1;309;"rocaAcero_Sprite; 70; Boton volAcero; Player 1";2020-11-30 22:13:26.205523
193167357;7D5142734E79615B44709D98F4DB2420;Densidad_de_Objetos;3;312;Final del nivel;2020-11-30 22:13:29.133775
193167357;7D5142734E79615B44709D98F4DB2420;Densidad_de_Objetos;3;312;Puntaje Total: 9960;2020-11-30 22:14:25.046404
193167357;7D5142734E79615B44709D98F4DB2420;Union_Interseccion;1;7;"Boton0;Set to TRUE; Player 0";2020-11-30 22:16:55.107641
193167357;7D5142734E79615B44709D98F4DB2420;Union_Interseccion;1;17;"Boton2;Set to TRUE; Player 0";2020-11-30 22:17:10.258992
193167357;7D5142734E79615B44709D98F4DB2420;Union_Interseccion;1;19;"Boton2;Set to TRUE; Player 0";2020-11-30 22:17:11.674196
193167357;7D5142734E79615B44709D98F4DB2420;Union_Interseccion;1;19;"Boton3;Set to TRUE; Player 1";2020-11-30 22:17:12.102266
193167357;7D5142734E79615B44709D98F4DB2420;Union_Interseccion;1;29;"Boton5;Set to TRUE; Player 0";2020-11-30 22:17:26.746339
193167357;7D5142734E79615B44709D98F4DB2420;Union_Interseccion;1;30;"Boton5;Set to TRUE; Player 0";2020-11-30 22:17:27.431013
193167357;7D5142734E79615B44709D98F4DB2420;Union_Interseccion;1;30;"Boton6;Set to TRUE; Player 1";2020-11-30 22:17:27.872066
193167357;7D5142734E79615B44709D98F4DB2420;Union_Interseccion;1;32;"Boton7;Set to TRUE; Player 1";2020-11-30 22:17:31.413169
193167357;7D5142734E79615B44709D98F4DB2420;Union_Interseccion;3;32;Final del nivel;2020-11-30 22:17:31.449884
193167357;7D5142734E79615B44709D98F4DB2420;Union_Interseccion;3;32;Puntaje Total: 31700;2020-11-30 22:18:12.889801
193167357;7D5142734E79615B44709D98F4DB2420;Velocidad_y_fuerza;1;68;"Resorte1der; rocaOro_Sprite; 50; Player 0";2020-11-30 22:22:07.739428
193167357;7D5142734E79615B44709D98F4DB2420;Velocidad_y_fuerza;1;68;"Resorte1der; rocaOro_Sprite; 50; Player 0";2020-11-30 22:22:07.740813
193167357;7D5142734E79615B44709D98F4DB2420;Velocidad_y_fuerza;1;123;"Resorte2izq; roca_Sprite; 30; Player 1";2020-11-30 22:23:25.359897
193167357;7D5142734E79615B44709D98F4DB2420;Velocidad_y_fuerza;1;123;"Resorte2izq; roca_Sprite; 30; Player 1";2020-11-30 22:23:25.360451
193167357;7D5142734E79615B44709D98F4DB2420;Velocidad_y_fuerza;1;144;"Resorte1izq; roca_Sprite; 30; Player 0";2020-11-30 22:23:55.461970
193167357;7D5142734E79615B44709D98F4DB2420;Velocidad_y_fuerza;1;144;"Resorte1izq; roca_Sprite; 30; Player 0";2020-11-30 22:23:55.463612
193167357;7D5142734E79615B44709D98F4DB2420;Velocidad_y_fuerza;1;153;"Resorte2der; rocaOro_Sprite; 50; Player 1";2020-11-30 22:24:07.749287
193167357;7D5142734E79615B44709D98F4DB2420;Velocidad_y_fuerza;1;153;"Resorte2der; rocaOro_Sprite; 50; Player 1";2020-11-30 22:24:07.755001
193167357;7D5142734E79615B44709D98F4DB2420;Velocidad_y_fuerza;3;153;Final del nivel;2020-11-30 22:24:07.952558
193167357;7D5142734E79615B44709D98F4DB2420;Velocidad_y_fuerza;3;153;Puntaje Total: 71730;2020-11-30 22:24:50.862631
193167357;7D5142734E79615B44709D98F4DB2420;Mirrors_1;1;8;"Palanca_Lever4; Light_source_2; Rotación Total Positiva: 0.0; Rotación Total Negativa: 0.0; Player 0";2020-11-30 22:28:27.438362
193167357;7D5142734E79615B44709D98F4DB2420;Mirrors_1;1;9;"Palanca_Lever4; Light_source_2; Rotación Total Positiva: 0.0; Rotación Total Negativa: 0.0; Player 0";2020-11-30 22:28:28.786792
193167357;7D5142734E79615B44709D98F4DB2420;Mirrors_1;1;11;"Palanca_Lever4; Light_source_2; Rotación Total Positiva: 0.0; Rotación Total Negativa: -3.5; Player 0";2020-11-30 22:28:30.620384
193167357;7D5142734E79615B44709D98F4DB2420;Mirrors_1;1;19;"Palanca_Lever4; Light_source_2; Rotación Total Positiva: 50.0; Rotación Total Negativa: -5.0; Player 0";2020-11-30 22:28:42.283095
193167357;7D5142734E79615B44709D98F4DB2420;Mirrors_1;1;20;"Palanca_Lever4; Light_source_2; Rotación Total Positiva: 3.0; Rotación Total Negativa: 0.0; Player 0";2020-11-30 22:28:43.635445
193167357;7D5142734E79615B44709D98F4DB2420;Mirrors_1;1;23;"Palanca_Lever4; Light_source_2; Rotación Total Positiva: 4.5; Rotación Total Negativa: 0.0; Player 0";2020-11-30 22:28:47.823167
193167357;7D5142734E79615B44709D98F4DB2420;Mirrors_1;1;25;"Palanca_Lever4; Light_source_2; Rotación Total Positiva: 0.0; Rotación Total Negativa: 0.0; Player 0";2020-11-30 22:28:51.219060
193167357;7D5142734E79615B44709D98F4DB2420;Mirrors_1;1;27;"Palanca_Lever4; Light_source_2; Rotación Total Positiva: 0.0; Rotación Total Negativa: -4.0; Player 0";2020-11-30 22:28:52.852656
193167357;7D5142734E79615B44709D98F4DB2420;Mirrors_1;1;28;"Palanca_Lever4; Light_source_2; Rotación Total Positiva: 0.0; Rotación Total Negativa: -8.0; Player 0";2020-11-30 22:28:54.757439
193167357;7D5142734E79615B44709D98F4DB2420;Mirrors_1;1;35;"Palanca_Lever6; Mirror3_0; Rotación Total Positiva: 0.0; Rotación Total Negativa: 0.0; Player 0";2020-11-30 22:29:05.121072
193167357;7D5142734E79615B44709D98F4DB2420;Mirrors_1;1;40;"Palanca_Lever6; Mirror3_0; Rotación Total Positiva: 4.5; Rotación Total Negativa: -31.0; Player 0";2020-11-30 22:29:12.183812
193167357;7D5142734E79615B44709D98F4DB2420;Mirrors_1;1;48;"Palanca_Lever6; Mirror3_0; Rotación Total Positiva: 31.0; Rotación Total Negativa: -15.0; Player 0";2020-11-30 22:29:24.061985
193167357;7D5142734E79615B44709D98F4DB2420;Mirrors_1;1;54;"Palanca_Lever3; Mirror5; Rotación Total Positiva: 0.0; Rotación Total Negativa: 0.0; Player 1";2020-11-30 22:29:31.686344
193167357;7D5142734E79615B44709D98F4DB2420;Mirrors_1;1;55;"Palanca_Lever3; Mirror5; Rotación Total Positiva: 3.5; Rotación Total Negativa: 0.0; Player 1";2020-11-30 22:29:33.291501
193167357;7D5142734E79615B44709D98F4DB2420;Mirrors_1;1;55;"Palanca_Lever3; Mirror5; Rotación Total Positiva: 0.0; Rotación Total Negativa: 0.0; Player 1";2020-11-30 22:29:33.622712
193167357;7D5142734E79615B44709D98F4DB2420;Mirrors_1;1;59;"Palanca_Lever3; Mirror5; Rotación Total Positiva: 0.0; Rotación Total Negativa: -33.0; Player 1";2020-11-30 22:29:38.608269
193167357;7D5142734E79615B44709D98F4DB2420;Mirrors_1;1;64;"Palanca_Lever3; Mirror5; Rotación Total Positiva: 0.0; Rotación Total Negativa: -3.5; Player 1";2020-11-30 22:29:46.118599
193167357;7D5142734E79615B44709D98F4DB2420;Mirrors_1;1;65;"Palanca_Lever3; Mirror5; Rotación Total Positiva: 0.0; Rotación Total Negativa: 0.0; Player 1";2020-11-30 22:29:47.276303
193167357;7D5142734E79615B44709D98F4DB2420;Mirrors_1;1;66;"Palanca_Lever3; Mirror5; Rotación Total Positiva: 4.0; Rotación Total Negativa: 0.0; Player 1";2020-11-30 22:29:48.694445
193167357;7D5142734E79615B44709D98F4DB2420;Mirrors_1;1;67;"Palanca_Lever3; Mirror5; Rotación Total Positiva: 3.5; Rotación Total Negativa: 0.0; Player 1";2020-11-30 22:29:50.430892
193167357;7D5142734E79615B44709D98F4DB2420;Mirrors_1;1;68;"Palanca_Lever3; Mirror5; Rotación Total Positiva: 0.5; Rotación Total Negativa: -1.0; Player 1";2020-11-30 22:29:51.970868
193167357;7D5142734E79615B44709D98F4DB2420;Mirrors_1;1;69;"Palanca_Lever3; Mirror5; Rotación Total Positiva: 0.0; Rotación Total Negativa: -1.5; Player 1";2020-11-30 22:29:52.594870
193167357;7D5142734E79615B44709D98F4DB2420;Mirrors_1;1;70;"Palanca_Lever3; Mirror5; Rotación Total Positiva: 0.0; Rotación Total Negativa: -0.5; Player 1";2020-11-30 22:29:54.521622
193167357;7D5142734E79615B44709D98F4DB2420;Mirrors_1;1;71;"Palanca_Lever3; Mirror5; Rotación Total Positiva: 1.0; Rotación Total Negativa: 0.0; Player 1";2020-11-30 22:29:55.018331
193167357;7D5142734E79615B44709D98F4DB2420;Mirrors_1;1;71;"Palanca_Lever3; Mirror5; Rotación Total Positiva: 0.5; Rotación Total Negativa: -0.5; Player 1";2020-11-30 22:29:55.936807
193167357;7D5142734E79615B44709D98F4DB2420;Mirrors_1;1;74;"Palanca_Lever2; Mirror2_2; Rotación Total Positiva: 0.0; Rotación Total Negativa: 0.0; Player 0";2020-11-30 22:29:59.247911
193167357;7D5142734E79615B44709D98F4DB2420;Mirrors_1;1;75;"Palanca_Lever2; Mirror2_2; Rotación Total Positiva: 0.0; Rotación Total Negativa: -7.5; Player 0";2020-11-30 22:30:01.466177
193167357;7D5142734E79615B44709D98F4DB2420;Mirrors_1;1;78;"Palanca_Lever2; Mirror2_2; Rotación Total Positiva: 1.0; Rotación Total Negativa: 0.0; Player 0";2020-11-30 22:30:05.364236
193167357;7D5142734E79615B44709D98F4DB2420;Mirrors_1;1;79;"Palanca_Lever2; Mirror2_2; Rotación Total Positiva: 0.0; Rotación Total Negativa: -2.5; Player 0";2020-11-30 22:30:06.716732
193167357;7D5142734E79615B44709D98F4DB2420;Mirrors_1;1;80;"Palanca_Lever2; Mirror2_2; Rotación Total Positiva: 1.5; Rotación Total Negativa: 0.0; Player 0";2020-11-30 22:30:08.217734
193167357;7D5142734E79615B44709D98F4DB2420;Mirrors_1;1;91;"Palanca_Lever7; Mirror4_3; Rotación Total Positiva: 0.0; Rotación Total Negativa: 0.0; Player 1";2020-11-30 22:30:24.275658
193167357;7D5142734E79615B44709D98F4DB2420;Mirrors_1;1;94;"Palanca_Lever7; Mirror4_3; Rotación Total Positiva: 7.5; Rotación Total Negativa: -2.0; Player 1";2020-11-30 22:30:28.422829
193167357;7D5142734E79615B44709D98F4DB2420;Mirrors_1;1;148;"Palanca_Lever6; Mirror3_0; Rotación Total Positiva: 2.0; Rotación Total Negativa: -9.5; Player 0";2020-11-30 22:31:45.481757
193167357;7D5142734E79615B44709D98F4DB2420;Mirrors_1;1;149;"Palanca_Lever6; Mirror3_0; Rotación Total Positiva: 0.0; Rotación Total Negativa: 0.0; Player 0";2020-11-30 22:31:46.426190
193167357;7D5142734E79615B44709D98F4DB2420;Mirrors_1;1;160;"Palanca_Lever1; Mirror; Rotación Total Positiva: 0.0; Rotación Total Negativa: 0.0; Player 1";2020-11-30 22:32:02.783315
193167357;7D5142734E79615B44709D98F4DB2420;Mirrors_1;1;164;"Palanca_Lever1; Mirror; Rotación Total Positiva: 16.5; Rotación Total Negativa: -4.0; Player 1";2020-11-30 22:32:07.664255
193167357;7D5142734E79615B44709D98F4DB2420;Mirrors_1;1;174;"Palanca_Lever2; Mirror2_2; Rotación Total Positiva: 0.0; Rotación Total Negativa: -36.5; Player 1";2020-11-30 22:32:23.163156
193167357;7D5142734E79615B44709D98F4DB2420;Mirrors_1;1;177;"Palanca_Lever2; Mirror2_2; Rotación Total Positiva: 23.0; Rotación Total Negativa: 0.0; Player 1";2020-11-30 22:32:26.195599
193167357;7D5142734E79615B44709D98F4DB2420;Mirrors_1;1;185;"Palanca_Lever6; Mirror3_0; Rotación Total Positiva: 0.0; Rotación Total Negativa: 0.0; Player 0";2020-11-30 22:32:37.809343
193167357;7D5142734E79615B44709D98F4DB2420;Mirrors_1;1;188;"Palanca_Lever6; Mirror3_0; Rotación Total Positiva: 3.5; Rotación Total Negativa: -14.5; Player 0";2020-11-30 22:32:41.996688
193167357;7D5142734E79615B44709D98F4DB2420;Mirrors_1;1;189;"Palanca_Lever6; Mirror3_0; Rotación Total Positiva: 1.5; Rotación Total Negativa: 0.0; Player 0";2020-11-30 22:32:43.119348
193167357;7D5142734E79615B44709D98F4DB2420;Mirrors_1;1;201;"Palanca_Lever1; Mirror; Rotación Total Positiva: 0.0; Rotación Total Negativa: -35.5; Player 1";2020-11-30 22:33:01.254251
193167357;7D5142734E79615B44709D98F4DB2420;Mirrors_1;1;213;"Palanca_Lever1; Mirror; Rotación Total Positiva: 35.0; Rotación Total Negativa: -13.0; Player 1";2020-11-30 22:33:16.964336
193167357;7D5142734E79615B44709D98F4DB2420;Mirrors_1;1;227;"Palanca_Lever6; Mirror3_0; Rotación Total Positiva: 11.5; Rotación Total Negativa: -44.0; Player 0";2020-11-30 22:33:37.610548
193167357;7D5142734E79615B44709D98F4DB2420;Mirrors_1;1;228;"Palanca_Lever6; Mirror3_0; Rotación Total Positiva: 0.0; Rotación Total Negativa: 0.0; Player 0";2020-11-30 22:33:38.123236
193167357;7D5142734E79615B44709D98F4DB2420;Mirrors_1;1;228;"Palanca_Lever6; Mirror3_0; Rotación Total Positiva: 2.5; Rotación Total Negativa: 0.0; Player 0";2020-11-30 22:33:38.595652
193167357;7D5142734E79615B44709D98F4DB2420;Mirrors_1;1;230;"Palanca_Lever6; Mirror3_0; Rotación Total Positiva: 0.5; Rotación Total Negativa: -2.0; Player 0";2020-11-30 22:33:41.769122
193167357;7D5142734E79615B44709D98F4DB2420;Mirrors_1;1;242;"Palanca_Lever2; Mirror2_2; Rotación Total Positiva: 16.0; Rotación Total Negativa: -3.5; Player 1";2020-11-30 22:33:58.600094
193167357;7D5142734E79615B44709D98F4DB2420;Mirrors_1;1;259;"Palanca_Lever3; Mirror5; Rotación Total Positiva: 104.5; Rotación Total Negativa: -0.5; Player 0";2020-11-30 22:34:23.590147
193167357;7D5142734E79615B44709D98F4DB2420;Mirrors_1;1;264;"Palanca_Lever3; Mirror5; Rotación Total Positiva: 0.5; Rotación Total Negativa: -26.5; Player 0";2020-11-30 22:34:29.632975
193167357;7D5142734E79615B44709D98F4DB2420;Mirrors_1;1;279;"Palanca_Lever4; Light_source_2; Rotación Total Positiva: 66.0; Rotación Total Negativa: -11.5; Player 1";2020-11-30 22:34:51.336405
193167357;7D5142734E79615B44709D98F4DB2420;Mirrors_1;1;280;"Palanca_Lever4; Light_source_2; Rotación Total Positiva: 0.0; Rotación Total Negativa: -1.0; Player 1";2020-11-30 22:34:51.749701
193167357;7D5142734E79615B44709D98F4DB2420;Mirrors_1;1;285;"Palanca_Lever3; Mirror5; Rotación Total Positiva: 1.5; Rotación Total Negativa: -17.5; Player 0";2020-11-30 22:34:59.531600
193167357;7D5142734E79615B44709D98F4DB2420;Mirrors_1;1;286;"Palanca_Lever3; Mirror5; Rotación Total Positiva: 0.0; Rotación Total Negativa: -2.5; Player 0";2020-11-30 22:35:00.052085
193167357;7D5142734E79615B44709D98F4DB2420;Mirrors_1;1;286;"Palanca_Lever3; Mirror5; Rotación Total Positiva: 3.0; Rotación Total Negativa: 0.0; Player 0";2020-11-30 22:35:00.685500
193167357;7D5142734E79615B44709D98F4DB2420;Mirrors_1;1;287;"Palanca_Lever3; Mirror5; Rotación Total Positiva: 1.5; Rotación Total Negativa: 0.0; Player 0";2020-11-30 22:35:01.239303
193167357;7D5142734E79615B44709D98F4DB2420;Mirrors_1;1;287;"Palanca_Lever3; Mirror5; Rotación Total Positiva: 1.5; Rotación Total Negativa: 0.0; Player 0";2020-11-30 22:35:01.787774
193167357;7D5142734E79615B44709D98F4DB2420;Mirrors_1;1;288;"Palanca_Lever3; Mirror5; Rotación Total Positiva: 0.0; Rotación Total Negativa: -1.5; Player 0";2020-11-30 22:35:03.271522
193167357;7D5142734E79615B44709D98F4DB2420;Mirrors_1;1;289;"Palanca_Lever3; Mirror5; Rotación Total Positiva: 1.0; Rotación Total Negativa: 0.0; Player 0";2020-11-30 22:35:04.301464
193167357;7D5142734E79615B44709D98F4DB2420;Mirrors_1;1;296;"Palanca_Lever1; Mirror; Rotación Total Positiva: 29.5; Rotación Total Negativa: 0.0; Player 0";2020-11-30 22:35:14.380072
193167357;7D5142734E79615B44709D98F4DB2420;Mirrors_1;1;297;"Palanca_Lever1; Mirror; Rotación Total Positiva: 7.5; Rotación Total Negativa: 0.0; Player 0";2020-11-30 22:35:15.403334
193167357;7D5142734E79615B44709D98F4DB2420;Mirrors_1;1;308;"Palanca_Lever1; Mirror; Rotación Total Positiva: 90.5; Rotación Total Negativa: -2.0; Player 0";2020-11-30 22:35:31.582322
193167357;7D5142734E79615B44709D98F4DB2420;Mirrors_1;1;314;"Palanca_Lever1; Mirror; Rotación Total Positiva: 45.5; Rotación Total Negativa: 0.0; Player 0";2020-11-30 22:35:39.366798
193167357;7D5142734E79615B44709D98F4DB2420;Mirrors_1;1;319;"Palanca_Lever5; Mirror6; Rotación Total Positiva: 0.0; Rotación Total Negativa: 0.0; Player 1";2020-11-30 22:35:47.147188
193167357;7D5142734E79615B44709D98F4DB2420;Mirrors_1;1;325;"Palanca_Lever2; Mirror2_2; Rotación Total Positiva: 0.0; Rotación Total Negativa: -7.0; Player 1";2020-11-30 22:35:55.854126
193167357;7D5142734E79615B44709D98F4DB2420;Mirrors_1;1;332;"Palanca_Lever5; Mirror6; Rotación Total Positiva: 0.0; Rotación Total Negativa: -12.5; Player 1";2020-11-30 22:36:04.863992
193167357;7D5142734E79615B44709D98F4DB2420;Mirrors_1;1;336;"Palanca_Lever2; Mirror2_2; Rotación Total Positiva: 3.0; Rotación Total Negativa: -1.5; Player 1";2020-11-30 22:36:10.802084
193167357;7D5142734E79615B44709D98F4DB2420;Mirrors_1;1;344;"Palanca_Lever5; Mirror6; Rotación Total Positiva: 3.5; Rotación Total Negativa: -28.5; Player 1";2020-11-30 22:36:22.170114
193167357;7D5142734E79615B44709D98F4DB2420;Mirrors_1;1;454;"Palanca_Lever1; Mirror; Rotación Total Positiva: 2.0; Rotación Total Negativa: 0.0; Player 0";2020-11-30 22:38:57.415462
193167357;7D5142734E79615B44709D98F4DB2420;Mirrors_1;1;466;"Palanca_Lever4; Light_source_2; Rotación Total Positiva: 49.0; Rotación Total Negativa: -2.0; Player 0";2020-11-30 22:39:14.817486
193167357;7D5142734E79615B44709D98F4DB2420;Mirrors_1;1;477;"Palanca_Lever4; Light_source_2; Rotación Total Positiva: 87.5; Rotación Total Negativa: 0.0; Player 0";2020-11-30 22:39:30.181575
193167357;7D5142734E79615B44709D98F4DB2420;Mirrors_1;1;478;"Palanca_Lever4; Light_source_2; Rotación Total Positiva: 7.0; Rotación Total Negativa: 0.0; Player 0";2020-11-30 22:39:31.262914
193167357;7D5142734E79615B44709D98F4DB2420;Mirrors_1;1;493;"Palanca_Lever7; Mirror4_3; Rotación Total Positiva: 6.5; Rotación Total Negativa: -29.0; Player 1";2020-11-30 22:39:52.330875
193167357;7D5142734E79615B44709D98F4DB2420;Mirrors_1;1;508;"Palanca_Lever5; Mirror6; Rotación Total Positiva: 0.0; Rotación Total Negativa: -130.5; Player 1";2020-11-30 22:40:12.883146
193167357;7D5142734E79615B44709D98F4DB2420;Mirrors_1;1;509;"Palanca_Lever5; Mirror6; Rotación Total Positiva: 2.0; Rotación Total Negativa: 0.0; Player 1";2020-11-30 22:40:14.600515
193167357;7D5142734E79615B44709D98F4DB2420;Mirrors_1;1;514;"Palanca_Lever5; Mirror6; Rotación Total Positiva: 4.0; Rotación Total Negativa: -2.0; Player 1";2020-11-30 22:40:22.407642
193167357;7D5142734E79615B44709D98F4DB2420;Mirrors_1;1;524;"Palanca_Lever4; Light_source_2; Rotación Total Positiva: 0.5; Rotación Total Negativa: -4.0; Player 0";2020-11-30 22:40:36.025011
193167357;7D5142734E79615B44709D98F4DB2420;Mirrors_1;1;533;"Palanca_Lever7; Mirror4_3; Rotación Total Positiva: 4.0; Rotación Total Negativa: -9.0; Player 1";2020-11-30 22:40:49.119206
193167357;7D5142734E79615B44709D98F4DB2420;Mirrors_1;1;539;"Palanca_Lever5; Mirror6; Rotación Total Positiva: 3.0; Rotación Total Negativa: -13.0; Player 1";2020-11-30 22:40:57.429519
193167357;7D5142734E79615B44709D98F4DB2420;Mirrors_1;1;548;"Palanca_Lever2; Mirror2_2; Rotación Total Positiva: 43.5; Rotación Total Negativa: -9.0; Player 1";2020-11-30 22:41:09.816397
193167357;7D5142734E79615B44709D98F4DB2420;Mirrors_1;1;556;"Palanca_Lever5; Mirror6; Rotación Total Positiva: 4.0; Rotación Total Negativa: -3.5; Player 1";2020-11-30 22:41:20.772590
193167357;7D5142734E79615B44709D98F4DB2420;Mirrors_1;1;558;"Palanca_Lever7; Mirror4_3; Rotación Total Positiva: 0.5; Rotación Total Negativa: 0.0; Player 1";2020-11-30 22:41:22.491353
193167357;7D5142734E79615B44709D98F4DB2420;Mirrors_1;1;560;"Palanca_Lever7; Mirror4_3; Rotación Total Positiva: 0.5; Rotación Total Negativa: -3.0; Player 1";2020-11-30 22:41:25.200030
193167357;7D5142734E79615B44709D98F4DB2420;Mirrors_1;1;564;"Palanca_Lever5; Mirror6; Rotación Total Positiva: 6.5; Rotación Total Negativa: -10.0; Player 1";2020-11-30 22:41:31.627063
193167357;7D5142734E79615B44709D98F4DB2420;Mirrors_1;1;570;"Palanca_Lever4; Light_source_2; Rotación Total Positiva: 0.5; Rotación Total Negativa: -4.5; Player 0";2020-11-30 22:41:39.721773
193167357;7D5142734E79615B44709D98F4DB2420;Mirrors_1;1;575;"Palanca_Lever7; Mirror4_3; Rotación Total Positiva: 8.5; Rotación Total Negativa: -4.0; Player 1";2020-11-30 22:41:46.784786
193167357;7D5142734E79615B44709D98F4DB2420;Mirrors_1;1;581;"Palanca_Lever7; Mirror4_3; Rotación Total Positiva: 17.0; Rotación Total Negativa: -15.5; Player 1";2020-11-30 22:41:55.283274
193167357;7D5142734E79615B44709D98F4DB2420;Mirrors_1;1;596;"Palanca_Lever2; Mirror2_2; Rotación Total Positiva: 48.0; Rotación Total Negativa: 0.0; Player 1";2020-11-30 22:42:16.177012
193167357;7D5142734E79615B44709D98F4DB2420;Mirrors_1;1;606;"Palanca_Lever6; Mirror3_0; Rotación Total Positiva: 20.0; Rotación Total Negativa: -29.0; Player 0";2020-11-30 22:42:30.617500
193167357;7D5142734E79615B44709D98F4DB2420;Mirrors_1;1;614;"Palanca_Lever1; Mirror; Rotación Total Positiva: 2.0; Rotación Total Negativa: 0.0; Player 0";2020-11-30 22:42:42.489839
193167357;7D5142734E79615B44709D98F4DB2420;Mirrors_1;1;625;"Palanca_Lever6; Mirror3_0; Rotación Total Positiva: 65.0; Rotación Total Negativa: -5.5; Player 0";2020-11-30 22:42:58.261912
193167357;7D5142734E79615B44709D98F4DB2420;Mirrors_1;1;630;"Palanca_Lever6; Mirror3_0; Rotación Total Positiva: 2.5; Rotación Total Negativa: -2.0; Player 0";2020-11-30 22:43:04.300405
194218346;2018E23148EC65E660394DBFC95AE727;Densidad_de_Objetos;1;506;"rocaOro_Sprite; 50; Boton volOro; Player 0";2020-11-30 17:47:16.385020
194218346;2018E23148EC65E660394DBFC95AE727;Densidad_de_Objetos;1;547;"rocaAcero_Sprite; 70; Boton volAcero; Player 0";2020-11-30 17:48:19.420768
194218346;2018E23148EC65E660394DBFC95AE727;Densidad_de_Objetos;1;590;"rocaDiamante_Sprite; 100; Boton volDiamante; Player 0";2020-11-30 17:49:28.597207
194218346;2018E23148EC65E660394DBFC95AE727;Densidad_de_Objetos;1;600;"roca_Sprite; 30; Boton volPiedra; Player 0";2020-11-30 17:49:38.563531
194218346;2018E23148EC65E660394DBFC95AE727;Densidad_de_Objetos;3;603;Final del nivel;2020-11-30 17:49:40.955397
194218346;2018E23148EC65E660394DBFC95AE727;Densidad_de_Objetos;3;603;Puntaje Total: 1630;2020-11-30 17:50:27.855713
194218346;2018E23148EC65E660394DBFC95AE727;Union_Interseccion;1;9;"Boton0;Set to TRUE; Player 0";2020-11-30 17:52:21.254100
194218346;2018E23148EC65E660394DBFC95AE727;Union_Interseccion;1;14;"Boton1;Set to TRUE; Player 0";2020-11-30 17:52:26.024571
194218346;2018E23148EC65E660394DBFC95AE727;Union_Interseccion;1;33;"Boton2;Set to TRUE; Player 0";2020-11-30 17:52:45.447435
194218346;2018E23148EC65E660394DBFC95AE727;Union_Interseccion;1;41;"Boton1;Set to FALSE; Player 0";2020-11-30 17:52:54.189899
194218346;2018E23148EC65E660394DBFC95AE727;Union_Interseccion;1;48;"Boton1;Set to TRUE; Player 0";2020-11-30 17:53:01.282332
194218346;2018E23148EC65E660394DBFC95AE727;Union_Interseccion;1;87;"Boton0;Set to FALSE; Player 0";2020-11-30 17:53:40.796550
194218346;2018E23148EC65E660394DBFC95AE727;Union_Interseccion;1;91;"Boton1;Set to FALSE; Player 0";2020-11-30 17:53:44.136242
194218346;2018E23148EC65E660394DBFC95AE727;Union_Interseccion;1;95;"Boton0;Set to TRUE; Player 0";2020-11-30 17:53:48.735807
194218346;2018E23148EC65E660394DBFC95AE727;Union_Interseccion;1;99;"Boton0;Set to FALSE; Player 0";2020-11-30 17:53:52.253927
194218346;2018E23148EC65E660394DBFC95AE727;Union_Interseccion;1;112;"Boton3;Set to TRUE; Player 0";2020-11-30 17:54:05.709370
194218346;2018E23148EC65E660394DBFC95AE727;Union_Interseccion;1;119;"Boton0;Set to TRUE; Player 0";2020-11-30 17:54:13.187641
194218346;2018E23148EC65E660394DBFC95AE727;Union_Interseccion;1;135;"Boton4;Set to TRUE; Player 0";2020-11-30 17:54:29.560678
194218346;2018E23148EC65E660394DBFC95AE727;Union_Interseccion;1;138;"Boton5;Set to TRUE; Player 0";2020-11-30 17:54:31.685342
194218346;2018E23148EC65E660394DBFC95AE727;Union_Interseccion;1;142;"Boton5;Set to FALSE; Player 0";2020-11-30 17:54:36.274717
194218346;2018E23148EC65E660394DBFC95AE727;Union_Interseccion;1;143;"Boton6;Set to TRUE; Player 0";2020-11-30 17:54:37.353795
194218346;2018E23148EC65E660394DBFC95AE727;Union_Interseccion;1;145;"Boton7;Set to TRUE; Player 0";2020-11-30 17:54:39.144443
194218346;2018E23148EC65E660394DBFC95AE727;Union_Interseccion;3;145;Final del nivel;2020-11-30 17:54:39.550495
194218346;2018E23148EC65E660394DBFC95AE727;Union_Interseccion;3;145;Puntaje Total: 9090;2020-11-30 17:55:31.725290
194218346;2018E23148EC65E660394DBFC95AE727;Velocidad_y_fuerza;1;7;"Resorte1izq; rocaOro_Sprite; 50; Player 0";2020-11-30 17:56:47.528190
194218346;2018E23148EC65E660394DBFC95AE727;Velocidad_y_fuerza;1;7;"Resorte1izq; rocaOro_Sprite; 50; Player 0";2020-11-30 17:56:47.528624
194218346;2018E23148EC65E660394DBFC95AE727;Velocidad_y_fuerza;1;714;"Resorte2izq; roca_Sprite; 30; Player 1";2020-11-30 18:08:59.585799
194218346;2018E23148EC65E660394DBFC95AE727;Velocidad_y_fuerza;1;714;"Resorte2izq; roca_Sprite; 30; Player 1";2020-11-30 18:08:59.648130
194218346;2018E23148EC65E660394DBFC95AE727;Velocidad_y_fuerza;1;741;"Resorte1izq; roca_Sprite; 30; Player 0";2020-11-30 18:09:26.026414
194218346;2018E23148EC65E660394DBFC95AE727;Velocidad_y_fuerza;1;741;"Resorte1izq; roca_Sprite; 30; Player 1";2020-11-30 18:09:26.134472
194218346;2018E23148EC65E660394DBFC95AE727;Velocidad_y_fuerza;1;741;"Resorte1izq; roca_Sprite; 30; Player 0";2020-11-30 18:09:26.135613
194218346;2018E23148EC65E660394DBFC95AE727;Velocidad_y_fuerza;1;741;"Resorte1izq; roca_Sprite; 30; Player 1";2020-11-30 18:09:26.142531
195160872;078E0F784B8F647BEE95B9A051B78D6E;Densidad_de_Objetos;1;22;"rocaOro_Sprite; 50; Boton volOro; Player 0";2020-11-26 23:46:55.177354
195160872;078E0F784B8F647BEE95B9A051B78D6E;Densidad_de_Objetos;1;37;"rocaAcero_Sprite; 70; Boton volAcero; Player 0";2020-11-26 23:47:37.273904
195160872;078E0F784B8F647BEE95B9A051B78D6E;Densidad_de_Objetos;1;51;"rocaDiamante_Sprite; 100; Boton volDiamante; Player 1";2020-11-26 23:48:17.416436
195160872;078E0F784B8F647BEE95B9A051B78D6E;Densidad_de_Objetos;1;60;"roca_Sprite; 30; Boton volPiedra; Player 0";2020-11-26 23:48:43.505739
195160872;078E0F784B8F647BEE95B9A051B78D6E;Densidad_de_Objetos;3;62;Final del nivel;2020-11-26 23:48:50.702077
195160872;078E0F784B8F647BEE95B9A051B78D6E;Densidad_de_Objetos;3;62;Puntaje Total: 14360;2020-11-26 23:49:17.200758
195160872;078E0F784B8F647BEE95B9A051B78D6E;Union_Interseccion;1;1;"Boton0;Set to TRUE; Player 0";2020-11-26 23:49:28.522793
195160872;078E0F784B8F647BEE95B9A051B78D6E;Union_Interseccion;1;6;"Boton3;Set to TRUE; Player 1";2020-11-26 23:49:43.522863
195160872;078E0F784B8F647BEE95B9A051B78D6E;Union_Interseccion;1;7;"Boton2;Set to TRUE; Player 0";2020-11-26 23:49:46.315339
195160872;078E0F784B8F647BEE95B9A051B78D6E;Union_Interseccion;1;7;"Boton3;Set to TRUE; Player 1";2020-11-26 23:49:46.736619
195160872;078E0F784B8F647BEE95B9A051B78D6E;Union_Interseccion;1;12;"Boton5;Set to TRUE; Player 1";2020-11-26 23:49:59.608629
195160872;078E0F784B8F647BEE95B9A051B78D6E;Union_Interseccion;1;13;"Boton6;Set to TRUE; Player 0";2020-11-26 23:50:01.577966
195160872;078E0F784B8F647BEE95B9A051B78D6E;Union_Interseccion;1;15;"Boton7;Set to TRUE; Player 0";2020-11-26 23:50:09.143202
195160872;078E0F784B8F647BEE95B9A051B78D6E;Union_Interseccion;3;15;Final del nivel;2020-11-26 23:50:09.225320
195160872;078E0F784B8F647BEE95B9A051B78D6E;Union_Interseccion;3;15;Puntaje Total: 40890;2020-11-26 23:50:55.351184
195160872;078E0F784B8F647BEE95B9A051B78D6E;Velocidad_y_fuerza;1;10;"Resorte1izq; rocaOro_Sprite; 50; Player 0";2020-11-26 23:52:04.614129
195160872;078E0F784B8F647BEE95B9A051B78D6E;Velocidad_y_fuerza;1;34;"Resorte1izq; rocaOro_Sprite; 50; Player 0";2020-11-26 23:53:16.878397
195160872;078E0F784B8F647BEE95B9A051B78D6E;Velocidad_y_fuerza;1;114;"Resorte2izq; roca_Sprite; 30; Player 1";2020-11-26 23:57:12.826014
195160872;078E0F784B8F647BEE95B9A051B78D6E;Velocidad_y_fuerza;1;137;"Resorte1izq; roca_Sprite; 30; Player 0";2020-11-26 23:58:20.308751
195160872;078E0F784B8F647BEE95B9A051B78D6E;Velocidad_y_fuerza;1;186;"Resorte1der; rocaOro_Sprite; 50; Player 0";2020-11-27 00:00:48.646032
195160872;078E0F784B8F647BEE95B9A051B78D6E;Velocidad_y_fuerza;1;195;"Resorte2der; rocaOro_Sprite; 50; Player 1";2020-11-27 00:01:14.761912
195160872;078E0F784B8F647BEE95B9A051B78D6E;Velocidad_y_fuerza;3;249;Final del nivel;2020-11-27 00:03:58.740401
195160872;078E0F784B8F647BEE95B9A051B78D6E;Velocidad_y_fuerza;3;249;Puntaje Total: 86470;2020-11-27 00:04:42.963863
195160872;078E0F784B8F647BEE95B9A051B78D6E;Mirrors_1;1;1;"Palanca_Lever4; Light_source_2; Rotación Total Positiva: 0.0; Rotación Total Negativa: 0.0; Player 0";2020-11-27 00:04:55.532095
195160872;078E0F784B8F647BEE95B9A051B78D6E;Mirrors_1;1;3;"Palanca_Lever4; Light_source_2; Rotación Total Positiva: 0.0; Rotación Total Negativa: 0.0; Player 0";2020-11-27 00:04:59.713944
195160872;078E0F784B8F647BEE95B9A051B78D6E;Mirrors_1;1;3;"Palanca_Lever4; Light_source_2; Rotación Total Positiva: 0.0; Rotación Total Negativa: 0.0; Player 0";2020-11-27 00:05:00.260084
195160872;078E0F784B8F647BEE95B9A051B78D6E;Mirrors_1;1;3;"Palanca_Lever4; Light_source_2; Rotación Total Positiva: 0.0; Rotación Total Negativa: 0.0; Player 0";2020-11-27 00:05:00.601314
195160872;078E0F784B8F647BEE95B9A051B78D6E;Mirrors_1;1;32;"Palanca_Lever4; Light_source_2; Rotación Total Positiva: 0.0; Rotación Total Negativa: 0.0; Player 1";2020-11-27 00:06:28.476696
195160872;078E0F784B8F647BEE95B9A051B78D6E;Mirrors_1;1;32;"Palanca_Lever4; Light_source_2; Rotación Total Positiva: 0.0; Rotación Total Negativa: -0.5; Player 1";2020-11-27 00:06:28.650173
195160872;078E0F784B8F647BEE95B9A051B78D6E;Mirrors_1;1;32;"Palanca_Lever4; Light_source_2; Rotación Total Positiva: 0.0; Rotación Total Negativa: 0.0; Player 1";2020-11-27 00:06:28.811046
195160872;078E0F784B8F647BEE95B9A051B78D6E;Mirrors_1;1;32;"Palanca_Lever4; Light_source_2; Rotación Total Positiva: 0.0; Rotación Total Negativa: -1.0; Player 1";2020-11-27 00:06:29.015902
195160872;078E0F784B8F647BEE95B9A051B78D6E;Mirrors_1;1;32;"Palanca_Lever4; Light_source_2; Rotación Total Positiva: 0.0; Rotación Total Negativa: -0.5; Player 1";2020-11-27 00:06:29.837860
195160872;078E0F784B8F647BEE95B9A051B78D6E;Mirrors_1;1;33;"Palanca_Lever4; Light_source_2; Rotación Total Positiva: 0.0; Rotación Total Negativa: -0.5; Player 1";2020-11-27 00:06:30.451099
195160872;078E0F784B8F647BEE95B9A051B78D6E;Mirrors_1;1;33;"Palanca_Lever4; Light_source_2; Rotación Total Positiva: 0.0; Rotación Total Negativa: 0.0; Player 1";2020-11-27 00:06:30.996188
195160872;078E0F784B8F647BEE95B9A051B78D6E;Mirrors_1;1;34;"Palanca_Lever4; Light_source_2; Rotación Total Positiva: 0.0; Rotación Total Negativa: -8.5; Player 1";2020-11-27 00:06:34.234717
195160872;078E0F784B8F647BEE95B9A051B78D6E;Mirrors_1;1;39;"Palanca_Lever4; Light_source_2; Rotación Total Positiva: 0.0; Rotación Total Negativa: -14.5; Player 1";2020-11-27 00:06:50.411101
195160872;078E0F784B8F647BEE95B9A051B78D6E;Mirrors_1;3;54;Final del nivel;2020-11-27 00:07:34.927194
195160872;078E0F784B8F647BEE95B9A051B78D6E;Mirrors_1;3;54;Puntaje Total: 183820;2020-11-27 00:08:07.853272
195160872;2ED942EB43C4B6B4BC0D33B8BB2E5E9F;Densidad_de_Objetos;1;5;"rocaOro_Sprite; 50; Boton volOro; Player 0";2020-12-15 03:10:36.943179
195160872;851F701A4766648978D194808D6E27D4;Densidad_de_Objetos;1;58;"rocaAcero_Sprite; 70; Boton volAcero; Player 1";2020-11-24 23:04:28.502133
195160872;851F701A4766648978D194808D6E27D4;Densidad_de_Objetos;1;58;"rocaOro_Sprite; 50; Boton volOro; Player 0";2020-11-24 23:04:28.653171
195160872;851F701A4766648978D194808D6E27D4;Densidad_de_Objetos;1;78;"rocaDiamante_Sprite; 100; Boton volDiamante; Player 1";2020-11-24 23:05:26.491947
195160872;851F701A4766648978D194808D6E27D4;Densidad_de_Objetos;3;81;Final del nivel;2020-11-24 23:05:33.046456
195160872;851F701A4766648978D194808D6E27D4;Densidad_de_Objetos;3;81;Puntaje Total: 6060;2020-11-24 23:06:05.548496
195160872;851F701A4766648978D194808D6E27D4;Union_Interseccion;1;43;"Boton0;Set to TRUE; Player 0";2020-11-24 23:08:10.936820
195160872;851F701A4766648978D194808D6E27D4;Union_Interseccion;1;6;"Boton3;Set to TRUE; Player 1";2020-11-24 23:08:30.071002
195160872;851F701A4766648978D194808D6E27D4;Union_Interseccion;1;7;"Boton2;Set to TRUE; Player 0";2020-11-24 23:08:30.534852
195160872;851F701A4766648978D194808D6E27D4;Union_Interseccion;1;14;"Boton7;Set to TRUE; Player 1";2020-11-24 23:08:51.616064
195160872;851F701A4766648978D194808D6E27D4;Union_Interseccion;1;15;"Boton4;Set to TRUE; Player 0";2020-11-24 23:08:53.069718
195160872;851F701A4766648978D194808D6E27D4;Union_Interseccion;1;24;"Boton6;Set to TRUE; Player 1";2020-11-24 23:09:18.654022
195160872;851F701A4766648978D194808D6E27D4;Union_Interseccion;3;24;Final del nivel;2020-11-24 23:09:18.667432
195160872;851F701A4766648978D194808D6E27D4;Union_Interseccion;3;24;Puntaje Total: 21560;2020-11-24 23:09:58.614252
195160872;A1BF1E364B87601F04918890B5F7F8BB;Densidad_de_Objetos;1;13;"rocaOro_Sprite; 50; Boton volOro; Player 0";2020-11-24 20:57:13.810561
195160872;A1BF1E364B87601F04918890B5F7F8BB;Densidad_de_Objetos;1;17;"roca_Sprite; 30; Boton volDiamante; Player 0";2020-11-24 20:57:25.894909
195254990;6B2BF9CC4883BF9E48B41AB1DA2AA345;Densidad_de_Objetos;1;124;"roca_Sprite; 30; Boton volOro; Player 0";2020-11-30 18:09:29.921526
195254990;D633A91A4D97F641038591BF901096CA;Densidad_de_Objetos;1;187;"rocaAcero_Sprite; 70; Boton volAcero; Player 0";2020-11-30 18:17:43.673860
195254990;D633A91A4D97F641038591BF901096CA;Densidad_de_Objetos;1;278;"rocaOro_Sprite; 50; Boton volOro; Player 0";2020-11-30 18:19:14.827950
195254990;D633A91A4D97F641038591BF901096CA;Densidad_de_Objetos;1;332;"roca_Sprite; 30; Boton volPiedra; Player 0";2020-11-30 18:20:08.649505
195254990;D633A91A4D97F641038591BF901096CA;Densidad_de_Objetos;1;343;"rocaDiamante_Sprite; 100; Boton volDiamante; Player 0";2020-11-30 18:20:19.694446
195254990;D633A91A4D97F641038591BF901096CA;Densidad_de_Objetos;3;346;Final del nivel;2020-11-30 18:20:22.197769
195254990;D633A91A4D97F641038591BF901096CA;Densidad_de_Objetos;3;346;Puntaje Total: 10200;2020-11-30 18:20:54.626857
195254990;D633A91A4D97F641038591BF901096CA;Union_Interseccion;1;4;"Boton0;Set to TRUE; Player 0";2020-11-30 18:21:03.426482
195254990;D633A91A4D97F641038591BF901096CA;Union_Interseccion;1;6;"Boton0;Set to TRUE; Player 0";2020-11-30 18:21:05.078823
195254990;D633A91A4D97F641038591BF901096CA;Union_Interseccion;1;6;"Boton1;Set to TRUE; Player 1";2020-11-30 18:21:05.431168
195254990;D633A91A4D97F641038591BF901096CA;Union_Interseccion;1;41;"Boton2;Set to TRUE; Player 0";2020-11-30 18:21:40.548817
195254990;D633A91A4D97F641038591BF901096CA;Union_Interseccion;1;43;"Boton2;Set to TRUE; Player 0";2020-11-30 18:21:42.165511
195254990;D633A91A4D97F641038591BF901096CA;Union_Interseccion;1;43;"Boton3;Set to TRUE; Player 1";2020-11-30 18:21:42.454600
195254990;D633A91A4D97F641038591BF901096CA;Union_Interseccion;1;49;"Boton5;Set to TRUE; Player 0";2020-11-30 18:21:48.901193
195254990;D633A91A4D97F641038591BF901096CA;Union_Interseccion;1;51;"Boton4;Set to TRUE; Player 0";2020-11-30 18:21:50.614463
195254990;D633A91A4D97F641038591BF901096CA;Union_Interseccion;1;55;"Boton6;Set to TRUE; Player 0";2020-11-30 18:21:54.431585
195254990;D633A91A4D97F641038591BF901096CA;Union_Interseccion;1;56;"Boton7;Set to TRUE; Player 0";2020-11-30 18:21:55.903632
195254990;D633A91A4D97F641038591BF901096CA;Union_Interseccion;3;56;Final del nivel;2020-11-30 18:21:56.223319
195254990;D633A91A4D97F641038591BF901096CA;Union_Interseccion;3;56;Puntaje Total: 31820;2020-11-30 18:22:11.613794
195254990;D633A91A4D97F641038591BF901096CA;Velocidad_y_fuerza;1;25;"Resorte1izq; rocaOro_Sprite; 50; Player 0";2020-11-30 18:22:54.206855
195254990;D633A91A4D97F641038591BF901096CA;Velocidad_y_fuerza;1;25;"Resorte1izq; rocaOro_Sprite; 50; Player 0";2020-11-30 18:22:54.217514
197299339;438DC9D14338F573DC26468409B2CE90;Densidad_de_Objetos;1;227;"rocaAcero_Sprite; 70; Boton volAcero; Player 0";2020-11-24 14:25:24.531956
197299339;438DC9D14338F573DC26468409B2CE90;Densidad_de_Objetos;1;277;"rocaOro_Sprite; 50; Boton volOro; Player 0";2020-11-24 14:26:14.696898
197299339;438DC9D14338F573DC26468409B2CE90;Densidad_de_Objetos;1;322;"rocaDiamante_Sprite; 100; Boton volDiamante; Player 0";2020-11-24 14:26:58.979894
197299339;438DC9D14338F573DC26468409B2CE90;Densidad_de_Objetos;1;339;"roca_Sprite; 30; Boton volPiedra; Player 0";2020-11-24 14:27:16.639237
197299339;438DC9D14338F573DC26468409B2CE90;Densidad_de_Objetos;3;342;Final del nivel;2020-11-24 14:27:19.103099
197299339;438DC9D14338F573DC26468409B2CE90;Densidad_de_Objetos;3;342;Puntaje Total: -20860;2020-11-24 14:28:14.480806
197299339;438DC9D14338F573DC26468409B2CE90;Union_Interseccion;1;6;"Boton0;Set to TRUE; Player 0";2020-11-24 14:32:45.911673
197299339;438DC9D14338F573DC26468409B2CE90;Union_Interseccion;1;13;"Boton2;Set to TRUE; Player 0";2020-11-24 14:32:53.442696
197299339;438DC9D14338F573DC26468409B2CE90;Union_Interseccion;1;16;"Boton3;Set to TRUE; Player 1";2020-11-24 14:32:55.552893
197299339;438DC9D14338F573DC26468409B2CE90;Union_Interseccion;1;24;"Boton5;Set to TRUE; Player 0";2020-11-24 14:33:04.640999
197299339;438DC9D14338F573DC26468409B2CE90;Union_Interseccion;1;25;"Boton5;Set to FALSE; Player 0";2020-11-24 14:33:05.288860
197299339;438DC9D14338F573DC26468409B2CE90;Union_Interseccion;1;27;"Boton4;Set to TRUE; Player 0";2020-11-24 14:33:07.418177
197299339;438DC9D14338F573DC26468409B2CE90;Union_Interseccion;1;29;"Boton4;Set to FALSE; Player 0";2020-11-24 14:33:08.585956
197299339;438DC9D14338F573DC26468409B2CE90;Union_Interseccion;1;30;"Boton5;Set to TRUE; Player 0";2020-11-24 14:33:10.280431
197299339;438DC9D14338F573DC26468409B2CE90;Union_Interseccion;1;30;"Boton6;Set to TRUE; Player 1";2020-11-24 14:33:10.695139
197299339;438DC9D14338F573DC26468409B2CE90;Union_Interseccion;1;30;"Boton5;Set to TRUE; Player 0";2020-11-24 14:33:10.695721
197299339;438DC9D14338F573DC26468409B2CE90;Union_Interseccion;1;34;"Boton7;Set to TRUE; Player 1";2020-11-24 14:33:14.002534
197299339;438DC9D14338F573DC26468409B2CE90;Union_Interseccion;3;34;Final del nivel;2020-11-24 14:33:14.031536
197299339;438DC9D14338F573DC26468409B2CE90;Union_Interseccion;3;34;Puntaje Total: -33020;2020-11-24 14:34:11.195329
197299339;8D91792748FDA21DDCA5758CC70DE2A4;Densidad_de_Objetos;1;93;"rocaOro_Sprite; 50; Boton volOro; Player 0";2020-11-26 23:07:17.384316
197299339;8D91792748FDA21DDCA5758CC70DE2A4;Densidad_de_Objetos;1;101;"rocaAcero_Sprite; 70; Boton volAcero; Player 0";2020-11-26 23:07:25.171141
197299339;8D91792748FDA21DDCA5758CC70DE2A4;Densidad_de_Objetos;1;115;"rocaDiamante_Sprite; 100; Boton volPiedra; Player 1";2020-11-26 23:07:39.338646
197299339;8D91792748FDA21DDCA5758CC70DE2A4;Densidad_de_Objetos;1;125;"roca_Sprite; 30; Boton volDiamante; Player 1";2020-11-26 23:07:49.368869
197299339;8D91792748FDA21DDCA5758CC70DE2A4;Densidad_de_Objetos;1;260;"rocaAcero_Sprite; 70; Boton volAcero; Player 0";2020-11-26 23:10:05.191419
197299339;8D91792748FDA21DDCA5758CC70DE2A4;Densidad_de_Objetos;1;268;"rocaOro_Sprite; 50; Boton volOro; Player 0";2020-11-26 23:10:12.871367
197299339;8D91792748FDA21DDCA5758CC70DE2A4;Densidad_de_Objetos;1;294;"rocaDiamante_Sprite; 100; Boton volAcero; Player 0";2020-11-26 23:10:38.925853
197299339;8D91792748FDA21DDCA5758CC70DE2A4;Densidad_de_Objetos;1;436;"rocaAcero_Sprite; 70; Boton volAcero; Player 0";2020-11-26 23:13:01.145569
197299339;8D91792748FDA21DDCA5758CC70DE2A4;Densidad_de_Objetos;1;477;"roca_Sprite; 30; Boton volPiedra; Player 0";2020-11-26 23:13:42.038183
197299339;8D91792748FDA21DDCA5758CC70DE2A4;Densidad_de_Objetos;1;491;"rocaDiamante_Sprite; 100; Boton volDiamante; Player 0";2020-11-26 23:13:55.708334
197299339;8D91792748FDA21DDCA5758CC70DE2A4;Densidad_de_Objetos;3;494;Final del nivel;2020-11-26 23:13:58.668992
197299339;8D91792748FDA21DDCA5758CC70DE2A4;Densidad_de_Objetos;3;494;Puntaje Total: 6420;2020-11-26 23:14:38.958517
197299339;8D91792748FDA21DDCA5758CC70DE2A4;Union_Interseccion;1;7;"Boton0;Set to TRUE; Player 0";2020-11-26 23:16:02.925327
197299339;8D91792748FDA21DDCA5758CC70DE2A4;Union_Interseccion;1;15;"Boton2;Set to TRUE; Player 0";2020-11-26 23:16:10.517219
197299339;8D91792748FDA21DDCA5758CC70DE2A4;Union_Interseccion;1;17;"Boton2;Set to TRUE; Player 0";2020-11-26 23:16:12.362894
197299339;8D91792748FDA21DDCA5758CC70DE2A4;Union_Interseccion;1;17;"Boton3;Set to TRUE; Player 1";2020-11-26 23:16:12.631795
197299339;8D91792748FDA21DDCA5758CC70DE2A4;Union_Interseccion;1;27;"Boton5;Set to TRUE; Player 0";2020-11-26 23:16:22.656870
197299339;8D91792748FDA21DDCA5758CC70DE2A4;Union_Interseccion;1;27;"Boton5;Set to TRUE; Player 0";2020-11-26 23:16:23.005658
197299339;8D91792748FDA21DDCA5758CC70DE2A4;Union_Interseccion;1;27;"Boton6;Set to TRUE; Player 1";2020-11-26 23:16:23.271157
197299339;8D91792748FDA21DDCA5758CC70DE2A4;Union_Interseccion;1;29;"Boton7;Set to TRUE; Player 1";2020-11-26 23:16:25.012357
197299339;8D91792748FDA21DDCA5758CC70DE2A4;Union_Interseccion;1;29;"Boton5;Set to TRUE; Player 0";2020-11-26 23:16:25.013697
197299339;8D91792748FDA21DDCA5758CC70DE2A4;Union_Interseccion;3;29;Final del nivel;2020-11-26 23:16:25.298709
197299339;8D91792748FDA21DDCA5758CC70DE2A4;Union_Interseccion;3;29;Puntaje Total: 24870;2020-11-26 23:17:32.556153
197299339;E8D3CF9C421324215943ED8C82DE314C;Densidad_de_Objetos;1;110;"rocaOro_Sprite; 50; Boton volOro; Player 0";2020-11-27 20:15:50.082558
197299339;E8D3CF9C421324215943ED8C82DE314C;Densidad_de_Objetos;1;158;"rocaAcero_Sprite; 70; Boton volAcero; Player 1";2020-11-27 20:16:37.585595
197299339;E8D3CF9C421324215943ED8C82DE314C;Densidad_de_Objetos;1;194;"rocaDiamante_Sprite; 100; Boton volDiamante; Player 0";2020-11-27 20:17:13.863423
197299339;E8D3CF9C421324215943ED8C82DE314C;Densidad_de_Objetos;1;213;"roca_Sprite; 30; Boton volPiedra; Player 0";2020-11-27 20:17:33.096180
197299339;E8D3CF9C421324215943ED8C82DE314C;Densidad_de_Objetos;3;235;Final del nivel;2020-11-27 20:17:54.737102
197299339;E8D3CF9C421324215943ED8C82DE314C;Densidad_de_Objetos;3;235;Puntaje Total: 12130;2020-11-27 20:19:07.707737
197299339;E8D3CF9C421324215943ED8C82DE314C;Union_Interseccion;1;24;"Boton1;Set to TRUE; Player 1";2020-11-27 20:23:06.815166
197299339;E8D3CF9C421324215943ED8C82DE314C;Union_Interseccion;1;26;"Boton1;Set to FALSE; Player 1";2020-11-27 20:23:08.813064
197299339;E8D3CF9C421324215943ED8C82DE314C;Union_Interseccion;1;27;"Boton1;Set to TRUE; Player 1";2020-11-27 20:23:10.135890
197299339;E8D3CF9C421324215943ED8C82DE314C;Union_Interseccion;1;38;"Boton2;Set to TRUE; Player 0";2020-11-27 20:23:20.988078
197299339;E8D3CF9C421324215943ED8C82DE314C;Union_Interseccion;1;42;"Boton3;Set to TRUE; Player 1";2020-11-27 20:23:25.065986
197299339;E8D3CF9C421324215943ED8C82DE314C;Union_Interseccion;1;57;"Boton4;Set to TRUE; Player 0";2020-11-27 20:23:40.411181
197299339;E8D3CF9C421324215943ED8C82DE314C;Union_Interseccion;1;60;"Boton5;Set to TRUE; Player 0";2020-11-27 20:23:43.650504
197299339;E8D3CF9C421324215943ED8C82DE314C;Union_Interseccion;1;65;"Boton7;Set to TRUE; Player 0";2020-11-27 20:23:48.314633
197299339;E8D3CF9C421324215943ED8C82DE314C;Union_Interseccion;1;66;"Boton7;Set to FALSE; Player 0";2020-11-27 20:23:49.713231
197299339;E8D3CF9C421324215943ED8C82DE314C;Union_Interseccion;1;69;"Boton6;Set to TRUE; Player 0";2020-11-27 20:23:53.146749
197299339;E8D3CF9C421324215943ED8C82DE314C;Union_Interseccion;1;71;"Boton7;Set to TRUE; Player 0";2020-11-27 20:23:54.988238
197299339;E8D3CF9C421324215943ED8C82DE314C;Union_Interseccion;3;71;Final del nivel;2020-11-27 20:23:55.284703
197299339;E8D3CF9C421324215943ED8C82DE314C;Union_Interseccion;3;71;Puntaje Total: 33930;2020-11-27 20:25:39.153124
197299339;E8D3CF9C421324215943ED8C82DE314C;Velocidad_y_fuerza;1;257;"Resorte2izq; roca_Sprite; 30; Player 1";2020-11-27 20:32:12.344422
197299339;E8D3CF9C421324215943ED8C82DE314C;Velocidad_y_fuerza;1;364;"Resorte1der; rocaOro_Sprite; 50; Player 0";2020-11-27 20:33:59.523710
197299339;E8D3CF9C421324215943ED8C82DE314C;Velocidad_y_fuerza;1;378;"Resorte2der; rocaOro_Sprite; 50; Player 1";2020-11-27 20:34:14.267243
197299339;E8D3CF9C421324215943ED8C82DE314C;Velocidad_y_fuerza;1;392;"Resorte1izq; roca_Sprite; 30; Player 0";2020-11-27 20:34:27.746257
197299339;E8D3CF9C421324215943ED8C82DE314C;Velocidad_y_fuerza;3;505;Final del nivel;2020-11-27 20:36:21.702619
197299339;E8D3CF9C421324215943ED8C82DE314C;Velocidad_y_fuerza;3;505;Puntaje Total: 68890;2020-11-27 20:38:07.031007
197299339;E8D3CF9C421324215943ED8C82DE314C;Mirrors_1;1;1;"Palanca_Lever4; Light_source_2; Rotación Total Positiva: 0.0; Rotación Total Negativa: 0.0; Player 0";2020-11-27 20:40:30.423679
197299339;E8D3CF9C421324215943ED8C82DE314C;Mirrors_1;1;54;"Palanca_Lever4; Light_source_2; Rotación Total Positiva: 7.5; Rotación Total Negativa: -54.5; Player 1";2020-11-27 20:41:23.365401
197299339;E8D3CF9C421324215943ED8C82DE314C;Mirrors_1;1;58;"Palanca_Lever7; Mirror4_3; Rotación Total Positiva: 0.0; Rotación Total Negativa: 0.0; Player 0";2020-11-27 20:41:27.133297
197299339;E8D3CF9C421324215943ED8C82DE314C;Mirrors_1;1;65;"Palanca_Lever7; Mirror4_3; Rotación Total Positiva: 12.5; Rotación Total Negativa: -8.5; Player 0";2020-11-27 20:41:34.137416
197299339;E8D3CF9C421324215943ED8C82DE314C;Mirrors_1;1;71;"Palanca_Lever6; Mirror3_0; Rotación Total Positiva: 0.0; Rotación Total Negativa: 0.0; Player 0";2020-11-27 20:41:39.704860
197299339;E8D3CF9C421324215943ED8C82DE314C;Mirrors_1;1;71;"Palanca_Lever6; Mirror3_0; Rotación Total Positiva: 0.0; Rotación Total Negativa: 0.0; Player 0";2020-11-27 20:41:40.089191
197299339;E8D3CF9C421324215943ED8C82DE314C;Mirrors_1;1;72;"Palanca_Lever6; Mirror3_0; Rotación Total Positiva: 0.0; Rotación Total Negativa: 0.0; Player 0";2020-11-27 20:41:41.185182
197299339;E8D3CF9C421324215943ED8C82DE314C;Mirrors_1;1;73;"Palanca_Lever6; Mirror3_0; Rotación Total Positiva: 0.0; Rotación Total Negativa: 0.0; Player 0";2020-11-27 20:41:41.397616
197299339;E8D3CF9C421324215943ED8C82DE314C;Mirrors_1;1;80;"Palanca_Lever6; Mirror3_0; Rotación Total Positiva: 5.0; Rotación Total Negativa: -25.5; Player 0";2020-11-27 20:41:48.790855
197299339;E8D3CF9C421324215943ED8C82DE314C;Mirrors_1;1;83;"Palanca_Lever3; Mirror5; Rotación Total Positiva: 0.0; Rotación Total Negativa: 0.0; Player 0";2020-11-27 20:41:51.810025
197299339;E8D3CF9C421324215943ED8C82DE314C;Mirrors_1;1;92;"Palanca_Lever3; Mirror5; Rotación Total Positiva: 29.0; Rotación Total Negativa: -31.0; Player 0";2020-11-27 20:42:00.802034
197299339;E8D3CF9C421324215943ED8C82DE314C;Mirrors_1;1;94;"Palanca_Lever1; Mirror; Rotación Total Positiva: 0.0; Rotación Total Negativa: 0.0; Player 0";2020-11-27 20:42:02.600904
197299339;E8D3CF9C421324215943ED8C82DE314C;Mirrors_1;1;100;"Palanca_Lever1; Mirror; Rotación Total Positiva: 7.0; Rotación Total Negativa: -33.0; Player 0";2020-11-27 20:42:08.683004
197299339;E8D3CF9C421324215943ED8C82DE314C;Mirrors_1;1;110;"Palanca_Lever5; Mirror6; Rotación Total Positiva: 11.0; Rotación Total Negativa: -18.5; Player 0";2020-11-27 20:42:18.739802
197299339;E8D3CF9C421324215943ED8C82DE314C;Mirrors_1;1;151;"Palanca_Lever6; Mirror3_0; Rotación Total Positiva: 8.0; Rotación Total Negativa: -15.5; Player 0";2020-11-27 20:43:00.033248
197299339;E8D3CF9C421324215943ED8C82DE314C;Mirrors_1;3;158;Final del nivel;2020-11-27 20:43:06.686147
197299339;E8D3CF9C421324215943ED8C82DE314C;Mirrors_1;3;158;Puntaje Total: 144220;2020-11-27 20:44:48.063486
198302783;7C269BFF4BBBB25509C813A1438381D6;Densidad_de_Objetos;1;138;"rocaOro_Sprite; 50; Boton volOro; Player 0";2020-11-30 17:32:21.060785
198302783;7C269BFF4BBBB25509C813A1438381D6;Densidad_de_Objetos;1;155;"roca_Sprite; 30; Boton volAcero; Player 0";2020-11-30 17:32:38.305587
198302783;7C269BFF4BBBB25509C813A1438381D6;Densidad_de_Objetos;1;170;"rocaDiamante_Sprite; 100; Boton volDiamante; Player 0";2020-11-30 17:32:53.702242
198302783;7C269BFF4BBBB25509C813A1438381D6;Densidad_de_Objetos;1;191;"rocaAcero_Sprite; 70; Boton volPiedra; Player 0";2020-11-30 17:33:14.491908
198302783;7C269BFF4BBBB25509C813A1438381D6;Densidad_de_Objetos;1;274;"rocaOro_Sprite; 50; Boton volOro; Player 0";2020-11-30 17:34:37.593655
198302783;7C269BFF4BBBB25509C813A1438381D6;Densidad_de_Objetos;1;432;"rocaOro_Sprite; 50; Boton volOro; Player 0";2020-11-30 17:37:16.178534
198302783;7C269BFF4BBBB25509C813A1438381D6;Densidad_de_Objetos;1;436;"rocaOro_Sprite; 50; Boton volOro; Player 0";2020-11-30 17:37:20.058354
198302783;7C269BFF4BBBB25509C813A1438381D6;Densidad_de_Objetos;1;464;"rocaAcero_Sprite; 70; Boton volAcero; Player 0";2020-11-30 17:37:48.358824
198302783;7C269BFF4BBBB25509C813A1438381D6;Densidad_de_Objetos;1;474;"roca_Sprite; 30; Boton volPiedra; Player 0";2020-11-30 17:37:57.656401
198302783;7C269BFF4BBBB25509C813A1438381D6;Densidad_de_Objetos;3;474;Final del nivel;2020-11-30 17:37:57.685321
198302783;7C269BFF4BBBB25509C813A1438381D6;Densidad_de_Objetos;3;474;Puntaje Total: 4260;2020-11-30 17:38:34.306927
198302783;7C269BFF4BBBB25509C813A1438381D6;Union_Interseccion;1;3;"Boton0;Set to TRUE; Player 0";2020-11-30 17:40:04.880699
198302783;7C269BFF4BBBB25509C813A1438381D6;Union_Interseccion;1;8;"Boton1;Set to TRUE; Player 1";2020-11-30 17:40:09.842705
198302783;7C269BFF4BBBB25509C813A1438381D6;Union_Interseccion;1;11;"Boton1;Set to FALSE; Player 1";2020-11-30 17:40:12.179443
198302783;7C269BFF4BBBB25509C813A1438381D6;Union_Interseccion;1;17;"Boton0;Set to FALSE; Player 0";2020-11-30 17:40:18.983568
198302783;7C269BFF4BBBB25509C813A1438381D6;Union_Interseccion;1;19;"Boton0;Set to TRUE; Player 0";2020-11-30 17:40:20.307814
198302783;7C269BFF4BBBB25509C813A1438381D6;Union_Interseccion;1;30;"Boton3;Set to TRUE; Player 1";2020-11-30 17:40:32.298327
198302783;7C269BFF4BBBB25509C813A1438381D6;Union_Interseccion;1;32;"Boton2;Set to TRUE; Player 0";2020-11-30 17:40:33.287851
198302783;7C269BFF4BBBB25509C813A1438381D6;Union_Interseccion;1;32;"Boton3;Set to TRUE; Player 1";2020-11-30 17:40:33.559611
198302783;7C269BFF4BBBB25509C813A1438381D6;Union_Interseccion;1;45;"Boton6;Set to TRUE; Player 1";2020-11-30 17:40:46.802068
198302783;7C269BFF4BBBB25509C813A1438381D6;Union_Interseccion;1;47;"Boton7;Set to TRUE; Player 1";2020-11-30 17:40:49.038644
198302783;7C269BFF4BBBB25509C813A1438381D6;Union_Interseccion;1;51;"Boton5;Set to TRUE; Player 0";2020-11-30 17:40:52.592086
198302783;7C269BFF4BBBB25509C813A1438381D6;Union_Interseccion;3;51;Final del nivel;2020-11-30 17:40:52.883120
198302783;7C269BFF4BBBB25509C813A1438381D6;Union_Interseccion;3;51;Puntaje Total: 19330;2020-11-30 17:41:27.673227
198302783;7C269BFF4BBBB25509C813A1438381D6;Velocidad_y_fuerza;1;9;"Resorte1izq; rocaOro_Sprite; 50; Player 0";2020-11-30 17:42:52.512281
198302783;7C269BFF4BBBB25509C813A1438381D6;Velocidad_y_fuerza;1;9;"Resorte1izq; rocaOro_Sprite; 50; Player 0";2020-11-30 17:42:52.512860
198302783;7C269BFF4BBBB25509C813A1438381D6;Velocidad_y_fuerza;1;80;"Resorte1izq; rocaOro_Sprite; 50; Player 0";2020-11-30 17:44:03.457133
198302783;7C269BFF4BBBB25509C813A1438381D6;Velocidad_y_fuerza;1;80;"Resorte1izq; rocaOro_Sprite; 50; Player 0";2020-11-30 17:44:03.457719
198302783;7C269BFF4BBBB25509C813A1438381D6;Velocidad_y_fuerza;1;108;"Resorte1izq; rocaOro_Sprite; 50; Player 0";2020-11-30 17:44:31.478363
198302783;7C269BFF4BBBB25509C813A1438381D6;Velocidad_y_fuerza;1;108;"Resorte1izq; rocaOro_Sprite; 50; Player 0";2020-11-30 17:44:31.489526
198302783;7C269BFF4BBBB25509C813A1438381D6;Velocidad_y_fuerza;1;119;"Resorte1izq; rocaOro_Sprite; 50; Player 0";2020-11-30 17:44:42.079401
198302783;7C269BFF4BBBB25509C813A1438381D6;Velocidad_y_fuerza;1;119;"Resorte1izq; rocaOro_Sprite; 50; Player 0";2020-11-30 17:44:42.141104
204309434;33CF492A498D794E7A4F4892603291C6;Densidad_de_Objetos;1;29;"roca_Sprite; 30; Boton volOro; Player 0";2020-12-14 00:51:32.511958
204309434;33CF492A498D794E7A4F4892603291C6;Densidad_de_Objetos;1;35;"rocaOro_Sprite; 50; Boton volAcero; Player 0";2020-12-14 00:51:38.279119
204309434;33CF492A498D794E7A4F4892603291C6;Densidad_de_Objetos;1;44;"rocaAcero_Sprite; 70; Boton volPiedra; Player 0";2020-12-14 00:51:47.153063
204309434;33CF492A498D794E7A4F4892603291C6;Densidad_de_Objetos;1;57;"rocaDiamante_Sprite; 100; Boton volDiamante; Player 0";2020-12-14 00:52:00.576557
